Trees;Instances;Features;Max;Avg
1;5;2;58.5185;55.3333
1;5;3;55.1852;53.3333
1;5;4;57.7778;55
1;5;5;61.4815;59.3333
1;5;6;61.4815;55.3333
1;5;7;65.1852;55.6667
1;5;8;60.7407;57
1;5;9;67.7778;62.3333
1;10;2;60.7407;58
1;10;3;65.9259;61.3333
1;10;4;62.2222;56.6667
1;10;5;65.5556;62
1;10;6;59.2593;56.6667
1;10;7;59.6296;57
1;10;8;61.4815;59
1;10;9;65.9259;60.3333
1;15;2;71.8519;63
1;15;3;58.8889;57.3333
1;15;4;60.7407;56.6667
1;15;5;59.6296;55
1;15;6;62.963;58.6667
1;15;7;59.2593;58
1;15;8;61.8519;59.6667
1;15;9;62.963;58
1;20;2;65.5556;62
1;20;3;67.037;61.3333
1;20;4;65.5556;62
1;20;5;64.4444;56.3333
1;20;6;65.5556;62
1;20;7;62.963;58.3333
1;20;8;63.3333;57
1;20;9;59.6296;56.6667
1;25;2;71.1111;65.3333
1;25;3;66.6667;62.3333
1;25;4;70.3704;63.3333
1;25;5;67.4074;64
1;25;6;68.8889;63.6667
1;25;7;64.4444;62.3333
1;25;8;64.4444;59
1;25;9;68.5185;64
1;30;2;69.6296;65.3333
1;30;3;68.8889;66
1;30;4;68.5185;66
1;30;5;69.2593;66.6667
1;30;6;67.4074;65
1;30;7;59.6296;57.6667
1;30;8;69.6296;64.3333
1;30;9;68.5185;63.6667
1;35;2;73.7037;67.6667
1;35;3;64.4444;62.6667
1;35;4;67.7778;63
1;35;5;69.2593;63
1;35;6;69.6296;65.6667
1;35;7;65.9259;64
1;35;8;68.8889;64.3333
1;35;9;65.1852;61
1;40;2;69.6296;66
1;40;3;65.5556;61.6667
1;40;4;68.5185;65
1;40;5;68.1481;66
1;40;6;66.6667;59
1;40;7;66.2963;60.6667
1;40;8;62.5926;60
1;40;9;68.1481;65.3333
1;45;2;66.6667;63.3333
1;45;3;68.8889;65.3333
1;45;4;71.1111;64.3333
1;45;5;67.7778;63.3333
1;45;6;70.3704;66.6667
1;45;7;67.037;63.6667
1;45;8;65.5556;60.6667
1;45;9;68.8889;64.6667
1;50;2;68.8889;64.6667
1;50;3;68.8889;66
1;50;4;74.4444;67.6667
1;50;5;67.7778;66.6667
1;50;6;70;60.6667
1;50;7;70.3704;68.3333
1;50;8;71.4815;68
1;50;9;67.037;64.6667
1;55;2;68.8889;61
1;55;3;71.8519;70
1;55;4;68.8889;63
1;55;5;68.8889;62.3333
1;55;6;70;66.3333
1;55;7;69.2593;64.3333
1;55;8;71.8519;64
1;55;9;66.2963;65
1;60;2;70.3704;66.6667
1;60;3;72.963;67.6667
1;60;4;71.8519;62.6667
1;60;5;71.8519;63.6667
1;60;6;70;64.3333
1;60;7;68.5185;66
1;60;8;65.1852;62.6667
1;60;9;69.6296;64.3333
1;65;2;69.2593;59.3333
1;65;3;69.6296;65
1;65;4;61.8519;61
1;65;5;73.7037;69.3333
1;65;6;67.4074;63
1;65;7;69.6296;65.6667
1;65;8;69.6296;64.6667
1;65;9;71.4815;68.3333
1;70;2;69.2593;67.3333
1;70;3;67.4074;63
1;70;4;71.4815;65.6667
1;70;5;68.1481;60.6667
1;70;6;67.4074;63.6667
1;70;7;65.9259;61.3333
1;70;8;72.963;69.3333
1;70;9;70.7407;69
1;75;2;71.8519;68.6667
1;75;3;72.963;64.3333
1;75;4;70.3704;65
1;75;5;64.8148;62.3333
1;75;6;71.1111;63
1;75;7;70.7407;66.3333
1;75;8;66.6667;64
1;75;9;68.5185;63.3333
1;80;2;72.963;66.3333
1;80;3;73.3333;69
1;80;4;72.963;71
1;80;5;70.7407;65.6667
1;80;6;74.4444;65.3333
1;80;7;70.3704;69
1;80;8;75.5556;69
1;80;9;71.1111;66
1;85;2;73.3333;67.6667
1;85;3;67.4074;64
1;85;4;65.9259;63
1;85;5;73.7037;66
1;85;6;67.7778;60.6667
1;85;7;66.6667;64
1;85;8;67.4074;64
1;85;9;71.4815;66.6667
1;90;2;71.8519;66
1;90;3;75.1852;70
1;90;4;71.1111;65
1;90;5;72.963;71.6667
1;90;6;77.7778;71.3333
1;90;7;71.1111;67
1;90;8;70.7407;67
1;90;9;66.6667;63.3333
1;95;2;69.6296;65
1;95;3;75.9259;64.6667
1;95;4;71.8519;67.6667
1;95;5;75.9259;69
1;95;6;74.4444;66.3333
1;95;7;70.7407;63.3333
1;95;8;72.5926;68.3333
1;95;9;72.963;67
1;100;2;71.4815;62
1;100;3;75.1852;68
1;100;4;69.2593;68.6667
1;100;5;71.1111;62.6667
1;100;6;72.2222;66.3333
1;100;7;73.3333;66.6667
1;100;8;70.3704;68
1;100;9;65.5556;58.3333
1;105;2;70.7407;67.6667
1;105;3;72.963;64.6667
1;105;4;67.7778;65.6667
1;105;5;71.4815;67.3333
1;105;6;70;65
1;105;7;74.8148;69.3333
1;105;8;74.4444;65.3333
1;105;9;72.5926;71
1;110;2;72.5926;68.6667
1;110;3;69.2593;64.3333
1;110;4;72.5926;65.3333
1;110;5;66.2963;64
1;110;6;72.2222;67
1;110;7;74.8148;72.6667
1;110;8;74.0741;68
1;110;9;73.3333;67.6667
1;115;2;68.1481;59.3333
1;115;3;74.8148;69
1;115;4;69.6296;67.3333
1;115;5;77.037;66.3333
1;115;6;68.1481;63.3333
1;115;7;74.4444;71.6667
1;115;8;68.1481;64.6667
1;115;9;73.3333;71
1;120;2;74.0741;69
1;120;3;73.7037;66.6667
1;120;4;73.3333;67.3333
1;120;5;70;66.3333
1;120;6;72.2222;68
1;120;7;73.3333;65
1;120;8;73.7037;71
1;120;9;71.8519;67.6667
1;125;2;67.037;65.6667
1;125;3;72.963;67
1;125;4;70;65.3333
1;125;5;76.2963;61.6667
1;125;6;70.3704;65.6667
1;125;7;66.2963;59.3333
1;125;8;75.5556;67
1;125;9;77.037;72.3333
1;130;2;70.3704;66
1;130;3;71.1111;64.6667
1;130;4;70;66.3333
1;130;5;70;65
1;130;6;63.7037;61.6667
1;130;7;70;69
1;130;8;72.963;67
1;130;9;67.037;62.6667
1;135;2;77.037;69.6667
1;135;3;75.5556;71.3333
1;135;4;71.1111;66
1;135;5;68.8889;65.3333
1;135;6;75.1852;72
1;135;7;73.3333;68
1;135;8;72.963;67
1;135;9;75.5556;66.6667
1;140;2;64.8148;59.6667
1;140;3;73.7037;69.6667
1;140;4;74.8148;65.6667
1;140;5;77.7778;73.6667
1;140;6;69.6296;64.3333
1;140;7;75.1852;65
1;140;8;75.9259;67.6667
1;140;9;77.4074;69
1;145;2;70;65.6667
1;145;3;72.963;67.3333
1;145;4;70;66.6667
1;145;5;72.2222;67.6667
1;145;6;74.8148;70
1;145;7;64.8148;58.6667
1;145;8;77.037;69.3333
1;145;9;70.7407;63.3333
1;150;2;75.5556;72
1;150;3;74.4444;67.6667
1;150;4;74.8148;66.6667
1;150;5;75.5556;71.6667
1;150;6;75.9259;70.6667
1;150;7;66.2963;63.6667
1;150;8;72.2222;67.6667
1;150;9;69.2593;66
1;155;2;68.1481;64
1;155;3;71.4815;62.6667
1;155;4;74.0741;68.6667
1;155;5;71.8519;64
1;155;6;72.2222;67
1;155;7;69.2593;65
1;155;8;71.1111;67.3333
1;155;9;68.1481;60.3333
1;160;2;71.4815;65.3333
1;160;3;71.4815;70
1;160;4;70.7407;66.3333
1;160;5;73.7037;67.6667
1;160;6;76.2963;68.6667
1;160;7;73.7037;71
1;160;8;72.5926;68
1;160;9;68.1481;66.3333
1;165;2;70.7407;67.3333
1;165;3;67.7778;63
1;165;4;68.5185;61
1;165;5;74.4444;69.6667
1;165;6;76.6667;74
1;165;7;72.2222;63.6667
1;165;8;70.3704;68.6667
1;165;9;72.2222;67
1;170;2;76.6667;67
1;170;3;78.8889;74
1;170;4;75.9259;68.6667
1;170;5;71.1111;68.3333
1;170;6;76.2963;74.3333
1;170;7;78.1481;69.3333
1;170;8;73.7037;67.3333
1;170;9;70.7407;68.3333
1;175;2;73.3333;64.3333
1;175;3;67.4074;65
1;175;4;72.5926;70
1;175;5;78.8889;71.6667
1;175;6;67.7778;66.3333
1;175;7;77.4074;73.6667
1;175;8;76.6667;63
1;175;9;75.5556;68
1;180;2;67.7778;65.3333
1;180;3;70.7407;66
1;180;4;67.4074;66.6667
1;180;5;78.1481;68.3333
1;180;6;77.037;70
1;180;7;73.7037;69
1;180;8;75.5556;69.3333
1;180;9;77.037;71.3333
1;185;2;72.2222;70.6667
1;185;3;71.1111;66
1;185;4;78.1481;68
1;185;5;70.3704;65.3333
1;185;6;66.2963;64.3333
1;185;7;78.5185;65.6667
1;185;8;71.4815;69.6667
1;185;9;71.1111;68.6667
1;190;2;72.963;64.6667
1;190;3;75.1852;73.3333
1;190;4;75.1852;66
1;190;5;71.1111;66
1;190;6;70.3704;65
1;190;7;70.7407;68
1;190;8;76.6667;65
1;190;9;71.1111;59.6667
1;195;2;68.5185;62
1;195;3;71.8519;65.6667
1;195;4;77.4074;74
1;195;5;75.5556;70.6667
1;195;6;76.6667;71.6667
1;195;7;76.6667;70.6667
1;195;8;72.5926;68.3333
1;195;9;77.7778;71
1;200;2;74.4444;69.3333
1;200;3;66.6667;63.3333
1;200;4;75.5556;70.3333
1;200;5;75.9259;69
1;200;6;76.2963;71
1;200;7;71.4815;67.6667
1;200;8;70.3704;63
1;200;9;64.0741;61
1;205;2;77.037;68.3333
1;205;3;70;65
1;205;4;78.8889;71.3333
1;205;5;77.037;71.6667
1;205;6;75.5556;70.6667
1;205;7;73.7037;69.3333
1;205;8;72.5926;70.3333
1;205;9;74.0741;70.6667
1;210;2;66.6667;64
1;210;3;70;68.6667
1;210;4;73.3333;68
1;210;5;75.9259;71
1;210;6;78.1481;69.6667
1;210;7;67.4074;61.6667
1;210;8;73.3333;68.3333
1;210;9;60.7407;54.3333
1;215;2;70;68.6667
1;215;3;68.5185;67.3333
1;215;4;71.4815;60.3333
1;215;5;72.963;61
1;215;6;75.5556;72.6667
1;215;7;75.1852;71.3333
1;215;8;75.5556;71.3333
1;215;9;78.8889;69.6667
1;220;2;74.0741;69.6667
1;220;3;75.1852;67
1;220;4;70.7407;67.3333
1;220;5;69.6296;59.3333
1;220;6;71.4815;65.6667
1;220;7;70;65.3333
1;220;8;75.5556;71
1;220;9;77.7778;73
1;225;2;72.5926;67.6667
1;225;3;68.5185;67.6667
1;225;4;74.8148;69.3333
1;225;5;70.3704;65.6667
1;225;6;71.1111;64.3333
1;225;7;69.2593;61.6667
1;225;8;74.0741;68
1;225;9;72.5926;68.3333
1;230;2;69.6296;64.3333
1;230;3;75.9259;68
1;230;4;58.8889;56
1;230;5;72.2222;67
1;230;6;71.8519;66.6667
1;230;7;75.9259;70
1;230;8;71.4815;67.6667
1;230;9;77.7778;74.6667
1;235;2;66.6667;60.3333
1;235;3;76.2963;67.3333
1;235;4;74.8148;67.6667
1;235;5;76.2963;73.6667
1;235;6;64.8148;62.6667
1;235;7;73.3333;68
1;235;8;73.3333;69
1;235;9;77.037;66.6667
1;240;2;76.6667;71.3333
1;240;3;72.963;68.6667
1;240;4;70.7407;67
1;240;5;75.1852;72
1;240;6;71.4815;69
1;240;7;68.8889;65.6667
1;240;8;70.7407;67.6667
1;240;9;77.7778;74.3333
1;245;2;68.8889;63.6667
1;245;3;74.8148;70.3333
1;245;4;78.8889;70
1;245;5;78.1481;69
1;245;6;73.7037;68
1;245;7;77.4074;68.3333
1;245;8;78.8889;68.6667
1;245;9;76.6667;71.6667
1;250;2;74.0741;68
1;250;3;69.2593;64.3333
1;250;4;67.037;65.3333
1;250;5;71.1111;69.6667
1;250;6;65.1852;63.3333
1;250;7;76.6667;72.3333
1;250;8;74.4444;67.3333
1;250;9;71.8519;64.3333
1;255;2;72.963;66.6667
1;255;3;72.2222;64.6667
1;255;4;74.8148;69.6667
1;255;5;76.6667;72.3333
1;255;6;75.5556;72.3333
1;255;7;76.2963;72.6667
1;255;8;75.5556;64.3333
1;255;9;77.4074;73.3333
1;260;2;74.8148;71
1;260;3;75.5556;68.6667
1;260;4;71.8519;67.3333
1;260;5;75.5556;69.6667
1;260;6;76.6667;69.6667
1;260;7;77.7778;69.6667
1;260;8;74.0741;70.6667
1;260;9;74.0741;72.6667
1;265;2;72.963;65
1;265;3;72.963;67
1;265;4;71.8519;67
1;265;5;70.7407;66
1;265;6;70.7407;69.3333
1;265;7;76.2963;72.6667
1;265;8;76.2963;72
1;265;9;72.2222;69
1;270;2;76.2963;67.3333
1;270;3;70.3704;68
1;270;4;77.4074;75.6667
1;270;5;76.6667;68.3333
1;270;6;70.3704;67.6667
1;270;7;71.8519;67.6667
1;270;8;71.8519;68.6667
1;270;9;72.2222;68.3333
1;275;2;68.1481;61.6667
1;275;3;75.9259;69
1;275;4;72.2222;63.6667
1;275;5;75.1852;66.6667
1;275;6;67.7778;63.6667
1;275;7;72.963;67.6667
1;275;8;76.2963;68.3333
1;275;9;71.1111;68.6667
1;280;2;72.2222;65.6667
1;280;3;69.6296;66.6667
1;280;4;78.8889;75
1;280;5;70.3704;68.3333
1;280;6;69.6296;68
1;280;7;71.8519;67.6667
1;280;8;64.8148;59.3333
1;280;9;77.7778;73
1;285;2;67.7778;65
1;285;3;74.8148;71.3333
1;285;4;72.5926;64.6667
1;285;5;72.963;66
1;285;6;77.037;71
1;285;7;67.7778;66.3333
1;285;8;74.8148;73.3333
1;285;9;66.6667;64
2;5;2;63.7037;58.6667
2;5;3;61.1111;55.3333
2;5;4;63.7037;60.3333
2;5;5;67.7778;62
2;5;6;65.9259;61
2;5;7;61.8519;54.6667
2;5;8;68.5185;65
2;5;9;70.3704;59
2;10;2;62.2222;58.6667
2;10;3;68.8889;62.3333
2;10;4;59.2593;56.6667
2;10;5;59.6296;57.6667
2;10;6;64.8148;59
2;10;7;63.3333;60.3333
2;10;8;68.8889;60.6667
2;10;9;66.2963;55
2;15;2;70.3704;65
2;15;3;68.5185;66
2;15;4;60.3704;55.3333
2;15;5;67.037;60
2;15;6;68.5185;61.6667
2;15;7;63.3333;60.6667
2;15;8;69.2593;62
2;15;9;59.2593;57.6667
2;20;2;68.5185;64
2;20;3;61.8519;58.3333
2;20;4;65.5556;64.6667
2;20;5;65.5556;59.6667
2;20;6;68.1481;64.3333
2;20;7;63.7037;61.3333
2;20;8;64.8148;63
2;20;9;63.3333;59.6667
2;25;2;67.037;62.3333
2;25;3;69.2593;65
2;25;4;63.7037;62.3333
2;25;5;63.3333;60.6667
2;25;6;68.8889;66.6667
2;25;7;62.963;61
2;25;8;62.963;58.6667
2;25;9;60.7407;57.6667
2;30;2;71.1111;69.3333
2;30;3;68.8889;62.6667
2;30;4;66.2963;64
2;30;5;68.1481;61.6667
2;30;6;68.1481;66
2;30;7;63.3333;60.3333
2;30;8;64.4444;61.6667
2;30;9;65.5556;62.3333
2;35;2;72.5926;65
2;35;3;70.3704;64.6667
2;35;4;69.6296;66.3333
2;35;5;66.6667;62
2;35;6;65.9259;62.3333
2;35;7;68.1481;65
2;35;8;64.4444;62.6667
2;35;9;69.6296;65.3333
2;40;2;67.7778;66.6667
2;40;3;67.7778;66.3333
2;40;4;67.037;65.3333
2;40;5;65.1852;62.3333
2;40;6;70.3704;65
2;40;7;66.2963;65
2;40;8;70;65
2;40;9;67.037;64.6667
2;45;2;67.4074;63.3333
2;45;3;70.3704;67
2;45;4;61.1111;58.6667
2;45;5;65.9259;61.6667
2;45;6;70;65.6667
2;45;7;69.6296;66.3333
2;45;8;65.1852;59.6667
2;45;9;70;65
2;50;2;74.4444;68.3333
2;50;3;68.8889;63.3333
2;50;4;73.7037;64
2;50;5;68.8889;66
2;50;6;68.5185;67
2;50;7;64.8148;62.3333
2;50;8;68.1481;66.3333
2;50;9;64.8148;63.3333
2;55;2;67.037;64
2;55;3;67.037;61.6667
2;55;4;62.5926;58.6667
2;55;5;69.6296;65.6667
2;55;6;65.1852;64.3333
2;55;7;71.8519;65
2;55;8;66.6667;62.6667
2;55;9;68.8889;65
2;60;2;75.5556;70.6667
2;60;3;70.7407;66
2;60;4;71.8519;68.6667
2;60;5;67.4074;60
2;60;6;71.4815;64
2;60;7;65.9259;62.3333
2;60;8;69.2593;62.3333
2;60;9;67.7778;65.6667
2;65;2;74.8148;67
2;65;3;75.1852;67.6667
2;65;4;74.8148;67.3333
2;65;5;74.8148;70.3333
2;65;6;70;67.3333
2;65;7;68.1481;66.3333
2;65;8;67.4074;65.6667
2;65;9;68.8889;65.6667
2;70;2;70.3704;63.6667
2;70;3;75.9259;69.3333
2;70;4;68.5185;61.3333
2;70;5;68.8889;65
2;70;6;72.963;62
2;70;7;71.8519;68
2;70;8;71.4815;67.6667
2;70;9;68.5185;66.3333
2;75;2;71.4815;68.3333
2;75;3;73.7037;66.6667
2;75;4;70.7407;68.6667
2;75;5;68.8889;66.6667
2;75;6;71.1111;64
2;75;7;67.4074;65.6667
2;75;8;69.2593;67
2;75;9;69.2593;64.6667
2;80;2;72.963;65.3333
2;80;3;73.7037;69.3333
2;80;4;74.0741;68.6667
2;80;5;71.8519;66.3333
2;80;6;71.1111;67.6667
2;80;7;65.1852;64.6667
2;80;8;68.5185;64.6667
2;80;9;66.6667;63.3333
2;85;2;68.1481;65.6667
2;85;3;69.2593;67
2;85;4;70.7407;69.6667
2;85;5;75.1852;72
2;85;6;71.4815;65.6667
2;85;7;68.1481;60
2;85;8;71.1111;69
2;85;9;71.1111;69.6667
2;90;2;70;67
2;90;3;72.5926;66.3333
2;90;4;74.0741;67.3333
2;90;5;71.4815;70.3333
2;90;6;67.037;66
2;90;7;71.8519;69
2;90;8;72.963;64.3333
2;90;9;59.6296;57.3333
2;95;2;75.5556;64.3333
2;95;3;69.2593;67
2;95;4;75.9259;69.6667
2;95;5;69.2593;64.6667
2;95;6;71.4815;64
2;95;7;70.3704;68.6667
2;95;8;69.6296;65.6667
2;95;9;69.6296;62
2;100;2;64.4444;59.3333
2;100;3;74.8148;70.6667
2;100;4;73.7037;66.6667
2;100;5;69.6296;64
2;100;6;72.2222;67.6667
2;100;7;70.3704;68.6667
2;100;8;73.7037;67
2;100;9;72.963;66
2;105;2;71.1111;66.6667
2;105;3;72.2222;67
2;105;4;76.2963;71
2;105;5;74.0741;71
2;105;6;72.2222;67.3333
2;105;7;76.2963;71
2;105;8;71.4815;68.3333
2;105;9;68.1481;64.6667
2;110;2;74.8148;68.3333
2;110;3;70.7407;66.6667
2;110;4;74.4444;69.3333
2;110;5;67.7778;64.6667
2;110;6;74.8148;69.6667
2;110;7;77.7778;71.6667
2;110;8;74.8148;69.6667
2;110;9;70.7407;66.6667
2;115;2;68.5185;59.6667
2;115;3;74.4444;71
2;115;4;74.0741;71.6667
2;115;5;72.5926;70.3333
2;115;6;73.3333;71.3333
2;115;7;73.3333;69
2;115;8;71.8519;63.6667
2;115;9;74.4444;68.6667
2;120;2;76.2963;65
2;120;3;75.5556;68
2;120;4;69.6296;65.3333
2;120;5;76.2963;74.3333
2;120;6;76.6667;74.3333
2;120;7;71.8519;64
2;120;8;67.037;61.3333
2;120;9;76.2963;71
2;125;2;70.3704;65
2;125;3;69.6296;66.6667
2;125;4;73.3333;69
2;125;5;75.9259;71
2;125;6;73.7037;64.3333
2;125;7;66.2963;58.6667
2;125;8;71.4815;64.6667
2;125;9;72.5926;66
2;130;2;69.2593;66.3333
2;130;3;71.4815;66.3333
2;130;4;70;67.3333
2;130;5;68.1481;58.3333
2;130;6;68.1481;60.3333
2;130;7;75.1852;60
2;130;8;77.4074;68.6667
2;130;9;72.2222;66
2;135;2;68.5185;65.3333
2;135;3;70.3704;68
2;135;4;72.2222;70.3333
2;135;5;65.5556;61
2;135;6;74.0741;70.6667
2;135;7;69.6296;68.3333
2;135;8;68.8889;65.3333
2;135;9;77.7778;68
2;140;2;75.9259;63.3333
2;140;3;71.4815;69.3333
2;140;4;78.5185;69.3333
2;140;5;68.8889;66
2;140;6;71.8519;67.3333
2;140;7;74.4444;68.6667
2;140;8;74.0741;67
2;140;9;69.2593;61.3333
2;145;2;68.8889;65.3333
2;145;3;77.4074;66
2;145;4;70;68.3333
2;145;5;71.4815;66.3333
2;145;6;65.1852;62.3333
2;145;7;75.5556;68.6667
2;145;8;73.3333;62.3333
2;145;9;68.8889;61.6667
2;150;2;71.1111;69
2;150;3;72.5926;67
2;150;4;68.5185;67.3333
2;150;5;71.8519;68
2;150;6;70.3704;65
2;150;7;76.2963;74
2;150;8;78.5185;68
2;150;9;76.6667;68
2;155;2;75.5556;72
2;155;3;70;64.3333
2;155;4;73.3333;68.3333
2;155;5;73.7037;68.3333
2;155;6;70.3704;67.3333
2;155;7;75.5556;63.3333
2;155;8;71.4815;70
2;155;9;76.6667;75.6667
2;160;2;70.7407;65.6667
2;160;3;68.1481;65.3333
2;160;4;76.6667;73.6667
2;160;5;68.1481;63
2;160;6;79.2593;76
2;160;7;67.7778;62
2;160;8;75.9259;67.6667
2;160;9;75.9259;71.6667
2;165;2;74.4444;70
2;165;3;76.2963;73.3333
2;165;4;67.7778;65.6667
2;165;5;69.2593;67.3333
2;165;6;77.037;69.3333
2;165;7;77.4074;71
2;165;8;76.2963;69
2;165;9;72.2222;68.6667
2;170;2;77.037;70
2;170;3;74.4444;70.3333
2;170;4;64.0741;63.3333
2;170;5;73.3333;69
2;170;6;70;66.6667
2;170;7;76.6667;73.3333
2;170;8;69.6296;66
2;170;9;75.1852;68
2;175;2;68.5185;64.6667
2;175;3;71.8519;66.6667
2;175;4;76.2963;72
2;175;5;73.3333;69.3333
2;175;6;70.3704;66.6667
2;175;7;76.2963;72
2;175;8;75.1852;64.3333
2;175;9;74.0741;70.3333
2;180;2;72.5926;68.3333
2;180;3;64.8148;62.3333
2;180;4;71.1111;70.3333
2;180;5;76.2963;68.3333
2;180;6;73.7037;67
2;180;7;69.6296;68.3333
2;180;8;76.6667;70.3333
2;180;9;76.2963;73.6667
2;185;2;72.963;69.3333
2;185;3;68.8889;60
2;185;4;73.3333;71
2;185;5;74.4444;63.6667
2;185;6;71.1111;65.3333
2;185;7;73.3333;65.3333
2;185;8;71.8519;65.3333
2;185;9;77.037;70
2;190;2;72.963;68
2;190;3;72.2222;68.3333
2;190;4;74.4444;69
2;190;5;74.0741;70.3333
2;190;6;76.2963;70
2;190;7;71.4815;68
2;190;8;77.037;72.6667
2;190;9;71.4815;67
2;195;2;63.3333;60.3333
2;195;3;72.5926;71.3333
2;195;4;67.4074;61
2;195;5;74.0741;70
2;195;6;72.963;70
2;195;7;71.8519;69
2;195;8;75.5556;70
2;195;9;75.1852;68.6667
2;200;2;74.8148;67
2;200;3;77.037;69.3333
2;200;4;71.4815;68.3333
2;200;5;77.037;69.3333
2;200;6;75.9259;70.6667
2;200;7;69.6296;64.6667
2;200;8;68.1481;65.6667
2;200;9;77.037;71.6667
2;205;2;73.3333;68.6667
2;205;3;68.1481;65.3333
2;205;4;78.5185;72.6667
2;205;5;74.8148;71.3333
2;205;6;72.2222;65.3333
2;205;7;72.5926;70
2;205;8;61.4815;59
2;205;9;72.2222;66
2;210;2;75.1852;72.3333
2;210;3;70.3704;65.6667
2;210;4;72.963;68
2;210;5;67.4074;66
2;210;6;72.5926;68.6667
2;210;7;71.1111;68.6667
2;210;8;77.037;67.6667
2;210;9;71.1111;67
2;215;2;77.4074;68
2;215;3;70.7407;66
2;215;4;72.963;69.3333
2;215;5;77.037;67.6667
2;215;6;75.9259;72.6667
2;215;7;65.5556;58.3333
2;215;8;76.2963;69.3333
2;215;9;74.4444;69.3333
2;220;2;71.8519;64
2;220;3;74.8148;68.3333
2;220;4;74.8148;70
2;220;5;72.5926;67.3333
2;220;6;75.1852;63.6667
2;220;7;65.5556;61.6667
2;220;8;75.5556;71.3333
2;220;9;75.9259;69
2;225;2;64.8148;64
2;225;3;74.8148;72.6667
2;225;4;72.2222;67.6667
2;225;5;75.1852;67
2;225;6;73.3333;64
2;225;7;77.037;71
2;225;8;65.5556;62.6667
2;225;9;77.037;65.3333
2;230;2;70.7407;66.6667
2;230;3;69.2593;63
2;230;4;71.4815;69.3333
2;230;5;72.5926;71
2;230;6;70.3704;68.3333
2;230;7;73.3333;64.6667
2;230;8;70.3704;62.6667
2;230;9;65.1852;60.6667
2;235;2;74.0741;72.3333
2;235;3;76.2963;65.3333
2;235;4;73.7037;67
2;235;5;74.0741;68.6667
2;235;6;76.2963;74.3333
2;235;7;77.4074;68
2;235;8;71.4815;66.6667
2;235;9;69.6296;66.6667
2;240;2;70.3704;65.6667
2;240;3;75.5556;65.3333
2;240;4;74.8148;69.6667
2;240;5;65.9259;62
2;240;6;75.1852;70.6667
2;240;7;76.2963;74
2;240;8;70.7407;68.6667
2;240;9;69.6296;65.6667
2;245;2;73.7037;70.6667
2;245;3;69.6296;68.3333
2;245;4;69.6296;66
2;245;5;75.5556;70.3333
2;245;6;72.963;68.6667
2;245;7;70;65.3333
2;245;8;76.2963;70
2;245;9;69.6296;67.6667
2;250;2;73.3333;66.6667
2;250;3;68.5185;65.3333
2;250;4;75.9259;74
2;250;5;73.7037;71
2;250;6;72.5926;70.6667
2;250;7;72.963;67.3333
2;250;8;76.6667;66.3333
2;250;9;77.037;73
2;255;2;73.3333;67.3333
2;255;3;76.6667;70.3333
2;255;4;70.3704;66
2;255;5;74.4444;68.6667
2;255;6;76.2963;70.3333
2;255;7;75.1852;66
2;255;8;70.7407;69.6667
2;255;9;75.9259;67
2;260;2;75.1852;69.6667
2;260;3;75.5556;70.3333
2;260;4;70.7407;68.6667
2;260;5;68.5185;64.3333
2;260;6;77.7778;70.6667
2;260;7;71.4815;67
2;260;8;71.8519;66
2;260;9;77.7778;73.3333
2;265;2;74.8148;66.6667
2;265;3;67.037;58.3333
2;265;4;73.7037;69.3333
2;265;5;76.6667;64
2;265;6;73.3333;69.6667
2;265;7;71.1111;65.6667
2;265;8;71.4815;69
2;265;9;78.5185;74.3333
2;270;2;69.6296;65.3333
2;270;3;72.963;69.3333
2;270;4;76.6667;71
2;270;5;72.963;69
2;270;6;70.7407;64.6667
2;270;7;77.7778;75.6667
2;270;8;76.6667;70
2;270;9;74.0741;69.3333
2;275;2;71.4815;69.3333
2;275;3;65.5556;59
2;275;4;75.5556;72
2;275;5;72.963;70.6667
2;275;6;71.8519;70
2;275;7;69.2593;65.6667
2;275;8;74.4444;67
2;275;9;68.8889;63.6667
2;280;2;77.4074;68
2;280;3;71.1111;67.6667
2;280;4;77.4074;74.3333
2;280;5;70.7407;66.3333
2;280;6;68.5185;62.6667
2;280;7;70;69
2;280;8;76.6667;70.3333
2;280;9;77.7778;71.3333
2;285;2;73.3333;66
2;285;3;70.7407;67
2;285;4;74.0741;65.3333
2;285;5;74.0741;70.6667
2;285;6;72.5926;67.3333
2;285;7;74.0741;70.6667
2;285;8;59.6296;58
2;285;9;74.8148;69.3333
3;5;2;62.5926;60.3333
3;5;3;62.963;60.6667
3;5;4;69.6296;66.3333
3;5;5;65.1852;64
3;5;6;70.3704;62
3;5;7;64.4444;63.3333
3;5;8;69.6296;63.6667
3;5;9;66.2963;65.3333
3;10;2;71.8519;69
3;10;3;66.6667;65
3;10;4;66.6667;63.3333
3;10;5;69.2593;66.3333
3;10;6;72.963;68
3;10;7;68.8889;64
3;10;8;67.4074;65.6667
3;10;9;66.6667;64
3;15;2;68.8889;65.6667
3;15;3;67.7778;65.6667
3;15;4;67.037;64.6667
3;15;5;65.1852;64.3333
3;15;6;68.5185;66
3;15;7;65.9259;61.6667
3;15;8;67.037;64
3;15;9;67.037;66
3;20;2;74.4444;72.3333
3;20;3;73.3333;68.3333
3;20;4;65.1852;61.6667
3;20;5;71.4815;67
3;20;6;68.5185;65.6667
3;20;7;70.3704;64.6667
3;20;8;70.3704;67.6667
3;20;9;68.5185;66.3333
3;25;2;72.5926;70
3;25;3;70.3704;67.3333
3;25;4;69.2593;65.3333
3;25;5;67.4074;66
3;25;6;71.8519;68
3;25;7;69.6296;66
3;25;8;67.4074;65.3333
3;25;9;70.3704;69.3333
3;30;2;78.1481;71.6667
3;30;3;76.6667;69.3333
3;30;4;71.1111;69
3;30;5;71.4815;69.3333
3;30;6;72.2222;69.3333
3;30;7;69.2593;66.6667
3;30;8;69.6296;68
3;30;9;72.2222;69.6667
3;35;2;71.8519;68.3333
3;35;3;76.2963;72.3333
3;35;4;73.7037;69.3333
3;35;5;72.2222;68.6667
3;35;6;70;67.3333
3;35;7;70.3704;69.6667
3;35;8;69.2593;67
3;35;9;67.4074;66
3;40;2;74.8148;73
3;40;3;73.7037;71.6667
3;40;4;74.8148;68.6667
3;40;5;73.3333;71
3;40;6;70.3704;68.6667
3;40;7;70.3704;67
3;40;8;72.2222;68.3333
3;40;9;71.1111;69.6667
3;45;2;77.4074;73.3333
3;45;3;76.2963;73.3333
3;45;4;74.0741;71
3;45;5;73.3333;71.3333
3;45;6;75.1852;72.6667
3;45;7;73.7037;70.6667
3;45;8;71.1111;69.6667
3;45;9;71.4815;69.3333
3;50;2;76.6667;72.6667
3;50;3;72.5926;71
3;50;4;71.8519;70.3333
3;50;5;73.7037;71.6667
3;50;6;76.2963;70.6667
3;50;7;74.0741;70.3333
3;50;8;71.8519;70
3;50;9;72.2222;68.3333
3;55;2;77.7778;69.6667
3;55;3;76.2963;72.6667
3;55;4;72.2222;68
3;55;5;75.5556;72.6667
3;55;6;72.2222;70.6667
3;55;7;75.5556;72.3333
3;55;8;72.5926;70.6667
3;55;9;70;68.3333
3;60;2;75.1852;72
3;60;3;73.3333;70.3333
3;60;4;74.4444;70.6667
3;60;5;74.4444;72
3;60;6;74.0741;67.3333
3;60;7;73.3333;69
3;60;8;74.4444;65.6667
3;60;9;74.4444;71
3;65;2;74.0741;72.6667
3;65;3;75.9259;69.3333
3;65;4;74.4444;71
3;65;5;73.7037;71.3333
3;65;6;74.8148;69
3;65;7;72.2222;71.3333
3;65;8;74.4444;70
3;65;9;72.963;69.3333
3;70;2;75.1852;71.3333
3;70;3;70;67.3333
3;70;4;73.3333;69.6667
3;70;5;72.963;70.3333
3;70;6;77.4074;69.3333
3;70;7;72.963;71.3333
3;70;8;75.9259;72.6667
3;70;9;71.8519;70
3;75;2;75.1852;72
3;75;3;74.4444;69.3333
3;75;4;72.963;70.3333
3;75;5;74.8148;70
3;75;6;73.3333;70.6667
3;75;7;77.037;73.3333
3;75;8;72.5926;69.6667
3;75;9;71.1111;70.3333
3;80;2;75.9259;69.6667
3;80;3;73.7037;71
3;80;4;74.0741;68.3333
3;80;5;75.9259;73
3;80;6;70.3704;68.3333
3;80;7;74.8148;72
3;80;8;75.5556;73.6667
3;80;9;75.9259;73.6667
3;85;2;72.2222;67
3;85;3;76.6667;71
3;85;4;76.2963;70.3333
3;85;5;72.5926;69
3;85;6;75.9259;70
3;85;7;75.9259;70.6667
3;85;8;79.6296;72.6667
3;85;9;75.5556;73
3;90;2;77.7778;72.3333
3;90;3;73.7037;68.6667
3;90;4;75.5556;73.6667
3;90;5;76.2963;73.6667
3;90;6;75.9259;71
3;90;7;76.6667;69.6667
3;90;8;73.7037;69
3;90;9;75.1852;73.3333
3;95;2;70.7407;69
3;95;3;74.0741;69.3333
3;95;4;77.037;75.6667
3;95;5;74.4444;72.6667
3;95;6;78.1481;76
3;95;7;75.5556;72.3333
3;95;8;77.037;74.6667
3;95;9;72.963;71.6667
3;100;2;77.037;74
3;100;3;72.2222;70.6667
3;100;4;78.1481;72
3;100;5;76.6667;69
3;100;6;76.2963;71.3333
3;100;7;76.6667;74.3333
3;100;8;75.5556;74.3333
3;100;9;75.5556;74
3;105;2;74.8148;73
3;105;3;75.9259;71.3333
3;105;4;77.037;69.6667
3;105;5;76.6667;75.3333
3;105;6;76.6667;73.6667
3;105;7;73.3333;72
3;105;8;76.6667;71.6667
3;105;9;77.037;72.3333
3;110;2;74.0741;71.3333
3;110;3;75.1852;72
3;110;4;74.8148;73
3;110;5;75.5556;71.3333
3;110;6;76.6667;73
3;110;7;77.7778;75
3;110;8;77.037;72.6667
3;110;9;77.037;70
3;115;2;75.9259;72.3333
3;115;3;75.9259;73.3333
3;115;4;71.8519;70
3;115;5;76.2963;72.3333
3;115;6;72.5926;66.6667
3;115;7;75.1852;67.6667
3;115;8;74.0741;73
3;115;9;77.4074;73
3;120;2;74.4444;72.3333
3;120;3;76.6667;73.6667
3;120;4;77.4074;74.6667
3;120;5;77.7778;75.3333
3;120;6;78.8889;75.3333
3;120;7;74.8148;73.6667
3;120;8;75.5556;70.6667
3;120;9;78.1481;76
3;125;2;76.6667;71.6667
3;125;3;74.0741;71.6667
3;125;4;77.7778;75.6667
3;125;5;76.2963;69.3333
3;125;6;75.1852;73.3333
3;125;7;74.4444;69
3;125;8;73.7037;72.6667
3;125;9;72.963;68.6667
3;130;2;75.9259;72.6667
3;130;3;75.5556;71.6667
3;130;4;70;66
3;130;5;75.5556;73
3;130;6;79.6296;75
3;130;7;77.7778;75.6667
3;130;8;75.5556;71.6667
3;130;9;76.6667;69.6667
3;135;2;77.4074;72.3333
3;135;3;75.1852;73
3;135;4;75.5556;74
3;135;5;75.9259;74.3333
3;135;6;76.2963;74.3333
3;135;7;74.4444;70.6667
3;135;8;74.8148;70.3333
3;135;9;75.9259;74.6667
3;140;2;72.2222;68.6667
3;140;3;75.9259;72.6667
3;140;4;72.2222;69.6667
3;140;5;76.2963;75.3333
3;140;6;75.9259;74
3;140;7;74.4444;73
3;140;8;77.7778;75
3;140;9;75.9259;72.3333
3;145;2;78.1481;72.3333
3;145;3;74.8148;71
3;145;4;77.037;70.3333
3;145;5;75.5556;72.3333
3;145;6;74.8148;70.3333
3;145;7;75.1852;69.6667
3;145;8;73.7037;70.3333
3;145;9;75.9259;73.3333
3;150;2;72.5926;71.3333
3;150;3;77.4074;73.3333
3;150;4;78.1481;74.3333
3;150;5;74.8148;70.6667
3;150;6;76.6667;71.3333
3;150;7;74.4444;70.6667
3;150;8;76.2963;74
3;150;9;70;67
3;155;2;75.1852;68
3;155;3;77.037;73.3333
3;155;4;74.8148;70.6667
3;155;5;72.963;70
3;155;6;74.4444;69
3;155;7;74.8148;71.3333
3;155;8;77.037;76
3;155;9;75.1852;71
3;160;2;75.9259;71
3;160;3;78.1481;71
3;160;4;74.8148;72
3;160;5;70;68
3;160;6;75.9259;74.6667
3;160;7;74.8148;70.3333
3;160;8;78.1481;73.3333
3;160;9;78.1481;73.3333
3;165;2;74.4444;71.6667
3;165;3;74.4444;73.3333
3;165;4;75.9259;74
3;165;5;75.5556;73.6667
3;165;6;76.2963;72.6667
3;165;7;76.6667;74
3;165;8;78.8889;72.6667
3;165;9;77.7778;74
3;170;2;76.2963;71.6667
3;170;3;75.9259;74.6667
3;170;4;78.1481;70.6667
3;170;5;77.037;76.3333
3;170;6;74.0741;71.3333
3;170;7;77.4074;73
3;170;8;79.6296;75.6667
3;170;9;76.6667;75.3333
3;175;2;74.0741;71
3;175;3;75.5556;69.6667
3;175;4;75.1852;74
3;175;5;77.7778;75.3333
3;175;6;75.9259;70.6667
3;175;7;78.1481;74
3;175;8;75.9259;73
3;175;9;77.037;73.6667
3;180;2;76.2963;72.6667
3;180;3;76.6667;67.3333
3;180;4;77.7778;72.3333
3;180;5;76.2963;71.3333
3;180;6;79.2593;74.6667
3;180;7;78.5185;77
3;180;8;79.6296;77
3;180;9;77.4074;74.3333
3;185;2;74.0741;70.3333
3;185;3;70;66.6667
3;185;4;75.5556;74.3333
3;185;5;77.037;74.6667
3;185;6;72.2222;69
3;185;7;77.4074;75.3333
3;185;8;75.1852;67.6667
3;185;9;78.8889;75
3;190;2;73.7037;70.3333
3;190;3;73.3333;66.6667
3;190;4;75.5556;69
3;190;5;76.2963;73
3;190;6;78.5185;73.6667
3;190;7;76.2963;71.6667
3;190;8;74.4444;71
3;190;9;71.4815;69
3;195;2;74.0741;72
3;195;3;78.8889;71.6667
3;195;4;76.6667;69
3;195;5;78.1481;75
3;195;6;75.5556;71.6667
3;195;7;78.1481;70.3333
3;195;8;76.6667;73.3333
3;195;9;76.6667;71.6667
3;200;2;79.2593;74.6667
3;200;3;75.5556;73.3333
3;200;4;75.1852;72.6667
3;200;5;76.2963;74.3333
3;200;6;76.6667;73.6667
3;200;7;78.8889;76.6667
3;200;8;76.2963;73.3333
3;200;9;71.8519;69.6667
3;205;2;78.5185;66.3333
3;205;3;73.7037;69.3333
3;205;4;71.1111;68.3333
3;205;5;77.4074;74.3333
3;205;6;70.7407;70
3;205;7;75.5556;74.3333
3;205;8;78.1481;76.6667
3;205;9;75.1852;73
3;210;2;72.2222;68.6667
3;210;3;73.7037;72
3;210;4;72.5926;69.6667
3;210;5;78.5185;76
3;210;6;79.2593;71
3;210;7;77.4074;75.3333
3;210;8;76.6667;73
3;210;9;78.5185;70.6667
3;215;2;75.9259;74.3333
3;215;3;74.0741;71.3333
3;215;4;77.037;73.6667
3;215;5;77.7778;74
3;215;6;74.0741;71.6667
3;215;7;77.4074;72
3;215;8;73.7037;72
3;215;9;65.5556;64
3;220;2;72.963;68.6667
3;220;3;74.8148;71.6667
3;220;4;76.6667;74.3333
3;220;5;71.4815;69.6667
3;220;6;78.1481;76.3333
3;220;7;75.1852;72.6667
3;220;8;78.1481;71.3333
3;220;9;79.2593;77.3333
3;225;2;74.8148;71
3;225;3;75.1852;72.6667
3;225;4;76.2963;71.6667
3;225;5;79.6296;73
3;225;6;75.5556;73.3333
3;225;7;72.2222;70.3333
3;225;8;72.963;70
3;225;9;77.037;72.3333
3;230;2;71.8519;69
3;230;3;77.4074;71.6667
3;230;4;80.7407;73
3;230;5;78.1481;74.3333
3;230;6;77.4074;72.6667
3;230;7;76.2963;73
3;230;8;78.8889;69.6667
3;230;9;72.963;68
3;235;2;75.1852;73
3;235;3;74.8148;71
3;235;4;75.9259;72.3333
3;235;5;77.4074;70.3333
3;235;6;69.2593;65.6667
3;235;7;76.6667;74
3;235;8;80.7407;77
3;235;9;78.8889;73.3333
3;240;2;75.5556;70.6667
3;240;3;76.6667;74.6667
3;240;4;79.6296;75.3333
3;240;5;66.6667;64.3333
3;240;6;74.8148;70
3;240;7;76.6667;73.6667
3;240;8;80;72.6667
3;240;9;77.4074;70.6667
3;245;2;68.5185;65.6667
3;245;3;77.037;76
3;245;4;73.7037;70.6667
3;245;5;78.8889;75
3;245;6;76.6667;73.6667
3;245;7;73.7037;67.3333
3;245;8;78.5185;72.3333
3;245;9;74.8148;71.6667
3;250;2;76.6667;71
3;250;3;75.1852;72.6667
3;250;4;76.2963;73
3;250;5;75.9259;73.6667
3;250;6;78.5185;76.6667
3;250;7;75.1852;73.6667
3;250;8;77.037;74.6667
3;250;9;78.8889;76
3;255;2;75.1852;72.6667
3;255;3;76.6667;72.3333
3;255;4;78.5185;75.3333
3;255;5;77.7778;72.3333
3;255;6;78.1481;73.3333
3;255;7;76.2963;71.6667
3;255;8;74.8148;71
3;255;9;76.6667;68.3333
3;260;2;71.1111;68.3333
3;260;3;76.6667;74.3333
3;260;4;78.5185;76.3333
3;260;5;74.8148;71
3;260;6;76.2963;71.6667
3;260;7;77.4074;77
3;260;8;71.8519;69
3;260;9;77.4074;71
3;265;2;75.1852;72
3;265;3;77.037;74
3;265;4;77.037;73.3333
3;265;5;74.4444;71
3;265;6;75.9259;66.6667
3;265;7;77.4074;74.6667
3;265;8;77.037;74.3333
3;265;9;76.6667;72.3333
3;270;2;74.0741;72.3333
3;270;3;75.5556;71
3;270;4;75.1852;70
3;270;5;78.1481;75.6667
3;270;6;76.6667;73.3333
3;270;7;74.4444;67
3;270;8;77.7778;76.6667
3;270;9;71.4815;67.6667
3;275;2;76.2963;73
3;275;3;76.6667;71
3;275;4;78.5185;72.3333
3;275;5;76.2963;73.6667
3;275;6;75.9259;72
3;275;7;78.8889;71.3333
3;275;8;72.5926;68.6667
3;275;9;77.4074;75.6667
3;280;2;75.9259;74.6667
3;280;3;80;70.3333
3;280;4;79.6296;73
3;280;5;75.5556;73.6667
3;280;6;71.8519;65.6667
3;280;7;77.4074;73
3;280;8;78.5185;75.3333
3;280;9;76.2963;74.3333
3;285;2;76.2963;73.6667
3;285;3;79.2593;77
3;285;4;77.037;73.3333
3;285;5;74.4444;69.6667
3;285;6;73.7037;69.6667
3;285;7;77.7778;76
3;285;8;77.4074;71
3;285;9;77.7778;74.3333
4;5;2;75.1852;69.6667
4;5;3;72.2222;67.6667
4;5;4;68.1481;64
4;5;5;65.1852;63.3333
4;5;6;70;65.6667
4;5;7;72.2222;70.6667
4;5;8;71.4815;68
4;5;9;69.6296;65
4;10;2;67.4074;64
4;10;3;70;67.6667
4;10;4;71.8519;67.3333
4;10;5;71.1111;64.6667
4;10;6;68.8889;62.3333
4;10;7;70;62
4;10;8;72.2222;68.6667
4;10;9;68.1481;62
4;15;2;72.5926;68.6667
4;15;3;74.0741;67.3333
4;15;4;71.4815;69.3333
4;15;5;71.1111;68.3333
4;15;6;71.4815;67.3333
4;15;7;71.4815;66.3333
4;15;8;67.037;64.3333
4;15;9;68.1481;63.3333
4;20;2;72.2222;70.6667
4;20;3;74.4444;67
4;20;4;70.7407;69
4;20;5;70;68.3333
4;20;6;72.963;67
4;20;7;72.963;68
4;20;8;70;65
4;20;9;68.1481;67
4;25;2;71.4815;68.3333
4;25;3;74.4444;69
4;25;4;73.7037;71.3333
4;25;5;70.3704;67.3333
4;25;6;72.963;69.6667
4;25;7;70;65.6667
4;25;8;70.3704;68
4;25;9;74.4444;71.6667
4;30;2;75.5556;73.6667
4;30;3;72.2222;68.6667
4;30;4;73.7037;69.3333
4;30;5;73.3333;70.3333
4;30;6;72.2222;69.6667
4;30;7;70;67.3333
4;30;8;72.2222;68
4;30;9;70;66.6667
4;35;2;71.8519;69.3333
4;35;3;75.5556;69.6667
4;35;4;75.1852;72.3333
4;35;5;75.1852;73
4;35;6;71.4815;69.6667
4;35;7;71.8519;69.6667
4;35;8;71.8519;68.3333
4;35;9;72.2222;69.3333
4;40;2;77.037;70
4;40;3;73.7037;70
4;40;4;73.7037;71.6667
4;40;5;70;66.6667
4;40;6;74.8148;72
4;40;7;72.5926;69.3333
4;40;8;72.963;70
4;40;9;70;67
4;45;2;73.3333;72
4;45;3;73.3333;71.3333
4;45;4;73.3333;70.3333
4;45;5;75.5556;72.6667
4;45;6;76.2963;72.6667
4;45;7;75.1852;71.6667
4;45;8;71.8519;70.3333
4;45;9;67.7778;65.3333
4;50;2;73.3333;68.3333
4;50;3;74.8148;72.6667
4;50;4;74.0741;70.3333
4;50;5;74.0741;69
4;50;6;77.7778;71.6667
4;50;7;75.5556;72
4;50;8;70.7407;68.3333
4;50;9;72.963;70
4;55;2;74.8148;71.3333
4;55;3;75.1852;71.3333
4;55;4;75.5556;72.3333
4;55;5;73.7037;68.3333
4;55;6;74.8148;73.6667
4;55;7;75.5556;69.3333
4;55;8;74.0741;70.3333
4;55;9;72.5926;71.6667
4;60;2;74.8148;72.6667
4;60;3;76.2963;74
4;60;4;74.0741;72.6667
4;60;5;75.1852;72.6667
4;60;6;75.9259;70.3333
4;60;7;74.4444;71
4;60;8;73.7037;72
4;60;9;70.3704;68.3333
4;65;2;74.8148;72
4;65;3;75.5556;72.6667
4;65;4;75.5556;74
4;65;5;72.5926;69.3333
4;65;6;75.9259;73.6667
4;65;7;73.7037;71
4;65;8;75.9259;74.6667
4;65;9;69.2593;65.6667
4;70;2;74.4444;70.6667
4;70;3;75.9259;73.3333
4;70;4;75.9259;73
4;70;5;74.8148;72.3333
4;70;6;74.8148;71.3333
4;70;7;75.1852;72.6667
4;70;8;75.1852;71.3333
4;70;9;69.6296;67.6667
4;75;2;72.963;70.3333
4;75;3;78.8889;73.3333
4;75;4;75.9259;73
4;75;5;75.1852;71.6667
4;75;6;72.963;71
4;75;7;74.4444;70.3333
4;75;8;76.2963;72.3333
4;75;9;75.9259;74
4;80;2;72.963;71
4;80;3;68.8889;66
4;80;4;71.4815;70.3333
4;80;5;77.4074;73
4;80;6;72.963;68.6667
4;80;7;76.6667;72
4;80;8;73.7037;71
4;80;9;74.8148;70
4;85;2;74.8148;73
4;85;3;76.2963;69.6667
4;85;4;76.2963;74.6667
4;85;5;74.0741;72
4;85;6;75.9259;71.6667
4;85;7;77.4074;72.6667
4;85;8;76.2963;71
4;85;9;77.4074;74.6667
4;90;2;75.5556;73.3333
4;90;3;74.4444;69.3333
4;90;4;75.5556;71.6667
4;90;5;73.7037;68.3333
4;90;6;72.963;68.6667
4;90;7;77.4074;75.6667
4;90;8;77.037;73
4;90;9;76.6667;75.3333
4;95;2;75.9259;72.3333
4;95;3;75.5556;72.3333
4;95;4;77.037;74
4;95;5;75.1852;70.6667
4;95;6;71.4815;66.3333
4;95;7;77.037;73.3333
4;95;8;76.2963;72.6667
4;95;9;74.0741;72
4;100;2;74.4444;71.6667
4;100;3;78.1481;72.6667
4;100;4;76.6667;72.3333
4;100;5;74.8148;73
4;100;6;75.9259;74.6667
4;100;7;80;77
4;100;8;77.037;75
4;100;9;74.0741;73.3333
4;105;2;75.9259;72.6667
4;105;3;76.2963;73.6667
4;105;4;74.8148;71.6667
4;105;5;78.1481;72.6667
4;105;6;74.4444;67
4;105;7;75.1852;72.3333
4;105;8;75.1852;68
4;105;9;78.8889;74.3333
4;110;2;75.5556;71
4;110;3;73.3333;69.3333
4;110;4;76.2963;73.3333
4;110;5;77.7778;74.3333
4;110;6;77.037;73
4;110;7;74.4444;72.6667
4;110;8;78.5185;75.3333
4;110;9;76.2963;73
4;115;2;77.7778;70
4;115;3;78.1481;75.3333
4;115;4;71.8519;70
4;115;5;74.8148;71.3333
4;115;6;75.9259;73.6667
4;115;7;74.0741;72.6667
4;115;8;71.8519;70.6667
4;115;9;74.8148;70.6667
4;120;2;72.2222;69.3333
4;120;3;76.2963;73.6667
4;120;4;76.2963;74.3333
4;120;5;74.8148;71.6667
4;120;6;72.5926;70
4;120;7;68.1481;67
4;120;8;77.7778;72.6667
4;120;9;74.8148;72.6667
4;125;2;77.7778;70.3333
4;125;3;75.9259;70.6667
4;125;4;74.0741;69.3333
4;125;5;75.1852;71.6667
4;125;6;76.6667;72.3333
4;125;7;77.7778;75.3333
4;125;8;78.5185;75.6667
4;125;9;72.963;70.3333
4;130;2;74.4444;69.3333
4;130;3;75.5556;74
4;130;4;76.2963;73.6667
4;130;5;75.9259;72.3333
4;130;6;74.8148;74
4;130;7;78.5185;74.6667
4;130;8;77.4074;76.6667
4;130;9;74.0741;71.3333
4;135;2;76.2963;69.6667
4;135;3;75.1852;71.6667
4;135;4;72.963;67.6667
4;135;5;77.037;72
4;135;6;77.037;73
4;135;7;71.8519;67.6667
4;135;8;77.7778;73.6667
4;135;9;71.4815;70.3333
4;140;2;76.2963;74.6667
4;140;3;77.4074;72
4;140;4;74.0741;70
4;140;5;72.963;68.6667
4;140;6;76.2963;73.3333
4;140;7;78.1481;74.6667
4;140;8;78.8889;76
4;140;9;77.4074;73.6667
4;145;2;76.2963;71
4;145;3;75.9259;73.3333
4;145;4;75.5556;71.6667
4;145;5;77.037;74.3333
4;145;6;75.1852;74.3333
4;145;7;74.4444;71.6667
4;145;8;77.4074;72
4;145;9;78.1481;76
4;150;2;75.9259;74
4;150;3;78.1481;76.6667
4;150;4;73.7037;67
4;150;5;77.4074;73.3333
4;150;6;77.4074;76
4;150;7;78.8889;76.3333
4;150;8;76.6667;72.6667
4;150;9;76.6667;73.3333
4;155;2;75.1852;71.3333
4;155;3;75.1852;72
4;155;4;76.2963;72
4;155;5;74.4444;73.3333
4;155;6;77.037;75.3333
4;155;7;75.1852;73.6667
4;155;8;77.037;74
4;155;9;77.7778;72.6667
4;160;2;75.9259;72.3333
4;160;3;76.2963;72.6667
4;160;4;76.2963;75
4;160;5;77.4074;72.6667
4;160;6;75.1852;72
4;160;7;77.037;75.6667
4;160;8;75.5556;72.3333
4;160;9;77.037;73.6667
4;165;2;77.037;72.6667
4;165;3;73.7037;69.3333
4;165;4;73.7037;71.3333
4;165;5;77.037;75.6667
4;165;6;76.2963;71.6667
4;165;7;77.7778;76.3333
4;165;8;76.6667;71.3333
4;165;9;78.5185;72.6667
4;170;2;76.6667;74
4;170;3;74.8148;71.3333
4;170;4;79.6296;72.3333
4;170;5;77.7778;72.3333
4;170;6;79.2593;75.6667
4;170;7;76.6667;73
4;170;8;76.6667;75.6667
4;170;9;77.7778;75.6667
4;175;2;80;76
4;175;3;75.5556;70
4;175;4;76.6667;72
4;175;5;71.8519;70.3333
4;175;6;77.4074;70.6667
4;175;7;76.6667;73.6667
4;175;8;78.1481;76.6667
4;175;9;77.037;71.3333
4;180;2;73.3333;71
4;180;3;77.037;73.3333
4;180;4;77.4074;75.6667
4;180;5;77.7778;74.6667
4;180;6;79.6296;76
4;180;7;74.4444;72
4;180;8;78.1481;74
4;180;9;78.8889;76.6667
4;185;2;75.1852;70.6667
4;185;3;77.7778;71.6667
4;185;4;78.5185;74.3333
4;185;5;72.5926;71.3333
4;185;6;68.1481;65.3333
4;185;7;76.2963;73.6667
4;185;8;77.4074;72.6667
4;185;9;77.7778;71.3333
4;190;2;74.8148;72
4;190;3;77.4074;71.3333
4;190;4;73.7037;70.6667
4;190;5;79.6296;77
4;190;6;77.7778;72.3333
4;190;7;76.6667;73.3333
4;190;8;76.6667;75.3333
4;190;9;78.1481;76.3333
4;195;2;72.5926;69.3333
4;195;3;73.7037;69.6667
4;195;4;74.4444;72
4;195;5;76.6667;70.6667
4;195;6;77.4074;75.6667
4;195;7;75.5556;73
4;195;8;77.037;76
4;195;9;78.8889;72
4;200;2;76.2963;72
4;200;3;75.1852;72.3333
4;200;4;79.2593;73
4;200;5;75.9259;74.3333
4;200;6;77.4074;71
4;200;7;77.037;70.6667
4;200;8;78.8889;73
4;200;9;78.5185;77
4;205;2;74.4444;72.3333
4;205;3;77.4074;72.6667
4;205;4;76.2963;70.3333
4;205;5;74.0741;71.6667
4;205;6;77.7778;75.6667
4;205;7;77.7778;69.6667
4;205;8;78.1481;77
4;205;9;76.2963;72.6667
4;210;2;77.037;74.3333
4;210;3;77.4074;72
4;210;4;78.8889;76.6667
4;210;5;76.2963;69.3333
4;210;6;78.8889;70.3333
4;210;7;73.7037;69.3333
4;210;8;78.8889;75.6667
4;210;9;78.1481;76.3333
4;215;2;71.8519;68.3333
4;215;3;73.3333;70.3333
4;215;4;77.7778;73
4;215;5;74.4444;69.6667
4;215;6;73.7037;71.3333
4;215;7;75.9259;71.3333
4;215;8;77.4074;75.3333
4;215;9;71.1111;69.6667
4;220;2;71.8519;70.6667
4;220;3;76.6667;74.3333
4;220;4;73.3333;68.6667
4;220;5;77.7778;72
4;220;6;77.7778;74.3333
4;220;7;78.8889;73.6667
4;220;8;78.5185;74
4;220;9;77.7778;71
4;225;2;76.2963;72.6667
4;225;3;72.963;70.6667
4;225;4;77.037;73.6667
4;225;5;75.9259;72.3333
4;225;6;78.5185;76
4;225;7;75.9259;74.3333
4;225;8;75.9259;70.6667
4;225;9;78.5185;76
4;230;2;75.9259;71.6667
4;230;3;74.4444;70.6667
4;230;4;72.2222;68.3333
4;230;5;73.3333;68.3333
4;230;6;74.0741;72.3333
4;230;7;77.7778;73.6667
4;230;8;77.037;74.6667
4;230;9;78.5185;73.6667
4;235;2;72.5926;66.6667
4;235;3;78.1481;72.3333
4;235;4;74.4444;69.3333
4;235;5;75.5556;71.6667
4;235;6;76.6667;70
4;235;7;77.7778;72.6667
4;235;8;76.2963;74
4;235;9;77.037;76.6667
4;240;2;74.8148;72
4;240;3;74.4444;70.6667
4;240;4;75.9259;74.3333
4;240;5;77.4074;76.6667
4;240;6;77.4074;76.3333
4;240;7;78.8889;76
4;240;8;75.5556;63.3333
4;240;9;76.2963;73
4;245;2;77.037;71.3333
4;245;3;75.5556;73.6667
4;245;4;76.2963;70
4;245;5;77.4074;73
4;245;6;77.037;74.6667
4;245;7;77.037;70
4;245;8;71.8519;67.6667
4;245;9;75.9259;73
4;250;2;78.1481;72
4;250;3;76.6667;74.6667
4;250;4;73.3333;71.3333
4;250;5;75.5556;70.6667
4;250;6;76.6667;71
4;250;7;78.1481;76
4;250;8;76.6667;73.6667
4;250;9;76.2963;73.6667
4;255;2;75.1852;72.6667
4;255;3;76.2963;72
4;255;4;77.7778;74.6667
4;255;5;78.8889;77
4;255;6;79.2593;75.6667
4;255;7;76.6667;67.6667
4;255;8;77.037;72.3333
4;255;9;78.8889;69.6667
4;260;2;79.6296;74.3333
4;260;3;75.9259;73
4;260;4;78.1481;69.6667
4;260;5;75.9259;73.3333
4;260;6;77.7778;69.3333
4;260;7;76.6667;69.3333
4;260;8;75.9259;73.3333
4;260;9;75.9259;73.6667
4;265;2;78.5185;73
4;265;3;71.4815;70.3333
4;265;4;77.4074;73.3333
4;265;5;75.9259;70.6667
4;265;6;71.8519;69.6667
4;265;7;77.7778;75.6667
4;265;8;77.037;67.3333
4;265;9;76.2963;71.6667
4;270;2;76.2963;73
4;270;3;76.6667;71.6667
4;270;4;77.037;69
4;270;5;76.6667;72
4;270;6;77.037;74.3333
4;270;7;78.8889;75.6667
4;270;8;73.7037;66.6667
4;270;9;76.2963;75
4;275;2;73.7037;72.6667
4;275;3;76.2963;74.3333
4;275;4;74.0741;70.3333
4;275;5;77.4074;69.6667
4;275;6;77.4074;70.3333
4;275;7;75.9259;72.6667
4;275;8;78.5185;77.6667
4;275;9;77.7778;75.6667
4;280;2;77.037;72
4;280;3;75.1852;69.6667
4;280;4;75.5556;71.6667
4;280;5;75.1852;73
4;280;6;78.8889;74.6667
4;280;7;77.037;66.6667
4;280;8;77.037;72
4;280;9;72.963;68.3333
4;285;2;73.7037;68.6667
4;285;3;75.9259;72
4;285;4;74.8148;70.6667
4;285;5;78.8889;72
4;285;6;75.5556;73
4;285;7;77.7778;73.6667
4;285;8;75.5556;73
4;285;9;76.6667;74
5;5;2;74.4444;70
5;5;3;73.7037;69
5;5;4;72.963;71.3333
5;5;5;75.9259;70.6667
5;5;6;68.8889;67
5;5;7;71.4815;67
5;5;8;74.0741;70.3333
5;5;9;70.7407;68.6667
5;10;2;74.4444;71.3333
5;10;3;71.1111;67.6667
5;10;4;72.2222;69.6667
5;10;5;68.1481;66
5;10;6;68.5185;65
5;10;7;70.3704;68.6667
5;10;8;68.1481;66.3333
5;10;9;72.2222;67.6667
5;15;2;76.6667;73.3333
5;15;3;74.0741;72.3333
5;15;4;69.6296;68
5;15;5;72.963;71.6667
5;15;6;72.963;67
5;15;7;71.4815;65.3333
5;15;8;68.5185;64.3333
5;15;9;70.3704;67.6667
5;20;2;76.2963;72.6667
5;20;3;73.3333;68
5;20;4;72.2222;68.3333
5;20;5;70.7407;68.3333
5;20;6;71.8519;68.3333
5;20;7;72.2222;71
5;20;8;71.1111;70.3333
5;20;9;68.5185;66
5;25;2;72.2222;71.3333
5;25;3;71.4815;70
5;25;4;72.5926;69.3333
5;25;5;75.9259;71
5;25;6;70.7407;69.3333
5;25;7;72.5926;69.3333
5;25;8;72.5926;71.6667
5;25;9;70.3704;68.6667
5;30;2;73.7037;71.3333
5;30;3;76.2963;73.3333
5;30;4;76.6667;72.3333
5;30;5;72.963;71
5;30;6;72.5926;69.6667
5;30;7;75.1852;70.6667
5;30;8;71.4815;69.3333
5;30;9;73.7037;68.3333
5;35;2;75.9259;74.6667
5;35;3;74.8148;71
5;35;4;75.5556;73
5;35;5;75.5556;72.6667
5;35;6;74.0741;70.6667
5;35;7;73.3333;71.3333
5;35;8;75.9259;71.6667
5;35;9;68.8889;67
5;40;2;76.6667;74.3333
5;40;3;77.037;75
5;40;4;75.5556;74.3333
5;40;5;75.1852;72.3333
5;40;6;74.4444;73.3333
5;40;7;72.2222;71.3333
5;40;8;71.8519;70.6667
5;40;9;74.8148;72.3333
5;45;2;74.8148;72
5;45;3;74.4444;73.3333
5;45;4;75.5556;73.3333
5;45;5;74.4444;71.3333
5;45;6;77.037;74
5;45;7;74.0741;73
5;45;8;73.7037;71
5;45;9;75.5556;70.6667
5;50;2;78.8889;75.3333
5;50;3;77.7778;71
5;50;4;74.8148;73
5;50;5;73.3333;69
5;50;6;73.3333;71.3333
5;50;7;74.8148;72.6667
5;50;8;73.3333;72.3333
5;50;9;74.0741;72.3333
5;55;2;77.4074;72.6667
5;55;3;76.6667;74.3333
5;55;4;75.5556;72.6667
5;55;5;74.4444;73
5;55;6;75.1852;73.3333
5;55;7;74.4444;70.3333
5;55;8;75.5556;74.3333
5;55;9;75.1852;73.6667
5;60;2;78.1481;74.3333
5;60;3;77.7778;70
5;60;4;76.6667;74.6667
5;60;5;77.037;73.6667
5;60;6;75.9259;72
5;60;7;74.8148;72.6667
5;60;8;75.9259;71.3333
5;60;9;74.0741;72.6667
5;65;2;77.7778;76.6667
5;65;3;74.0741;72.6667
5;65;4;76.6667;75
5;65;5;75.5556;73.3333
5;65;6;76.2963;74
5;65;7;75.9259;74.3333
5;65;8;75.1852;72
5;65;9;75.5556;74.3333
5;70;2;75.1852;74.6667
5;70;3;75.5556;74.6667
5;70;4;77.7778;70
5;70;5;75.9259;73
5;70;6;76.2963;74.3333
5;70;7;72.963;72
5;70;8;75.1852;73.3333
5;70;9;74.0741;73
5;75;2;77.037;73.3333
5;75;3;77.4074;68.3333
5;75;4;75.5556;72
5;75;5;77.037;74.3333
5;75;6;73.7037;72.3333
5;75;7;75.1852;74.3333
5;75;8;73.3333;72.3333
5;75;9;73.3333;72
5;80;2;72.2222;71.6667
5;80;3;78.1481;72.6667
5;80;4;77.037;70.6667
5;80;5;76.6667;71
5;80;6;73.7037;72.3333
5;80;7;76.6667;75
5;80;8;77.037;75.3333
5;80;9;77.4074;72
5;85;2;73.7037;72
5;85;3;75.5556;73.6667
5;85;4;75.9259;74.3333
5;85;5;76.2963;75.3333
5;85;6;76.6667;75
5;85;7;75.5556;71.6667
5;85;8;76.6667;71.3333
5;85;9;77.7778;73.3333
5;90;2;75.9259;71.3333
5;90;3;77.037;76
5;90;4;76.2963;74.6667
5;90;5;77.4074;75.3333
5;90;6;75.1852;73.6667
5;90;7;74.8148;73
5;90;8;74.4444;73
5;90;9;76.2963;71
5;95;2;78.8889;75.3333
5;95;3;77.4074;75
5;95;4;78.5185;73.3333
5;95;5;75.1852;73.6667
5;95;6;76.6667;71
5;95;7;75.9259;72.3333
5;95;8;77.7778;74.3333
5;95;9;75.9259;74
5;100;2;76.2963;72.6667
5;100;3;74.0741;72.6667
5;100;4;77.4074;75
5;100;5;76.2963;75
5;100;6;75.9259;74.3333
5;100;7;79.6296;73.6667
5;100;8;77.4074;74.3333
5;100;9;76.6667;74.6667
5;105;2;75.1852;72
5;105;3;74.8148;72.6667
5;105;4;76.2963;74
5;105;5;77.037;72.6667
5;105;6;75.5556;74.6667
5;105;7;75.5556;72.3333
5;105;8;77.7778;76.3333
5;105;9;75.5556;73.3333
5;110;2;75.5556;72.3333
5;110;3;78.5185;75.3333
5;110;4;75.5556;72.6667
5;110;5;78.1481;71.6667
5;110;6;79.6296;76.3333
5;110;7;74.8148;73.6667
5;110;8;75.9259;73.3333
5;110;9;75.5556;73.3333
5;115;2;78.5185;75.6667
5;115;3;77.4074;74.6667
5;115;4;76.6667;73.6667
5;115;5;76.2963;69.3333
5;115;6;76.2963;74.6667
5;115;7;77.7778;74.6667
5;115;8;79.2593;76
5;115;9;77.037;76.3333
5;120;2;78.5185;76.3333
5;120;3;78.1481;73.3333
5;120;4;77.4074;75.3333
5;120;5;81.4815;75.6667
5;120;6;77.4074;74.3333
5;120;7;78.5185;74
5;120;8;78.5185;76.6667
5;120;9;76.6667;73.6667
5;125;2;77.037;71.3333
5;125;3;79.2593;76.6667
5;125;4;76.6667;73.6667
5;125;5;78.1481;77
5;125;6;77.7778;76.3333
5;125;7;79.2593;76.3333
5;125;8;76.2963;74.6667
5;125;9;76.6667;75.6667
5;130;2;77.037;76
5;130;3;76.6667;74
5;130;4;78.8889;76
5;130;5;78.1481;75.3333
5;130;6;77.037;73.6667
5;130;7;79.2593;76.3333
5;130;8;76.6667;72.6667
5;130;9;75.5556;73
5;135;2;75.1852;73.3333
5;135;3;78.1481;74.3333
5;135;4;78.8889;75.6667
5;135;5;78.1481;75.3333
5;135;6;76.2963;73
5;135;7;75.1852;74.3333
5;135;8;78.1481;76.3333
5;135;9;77.037;70.6667
5;140;2;76.2963;71.6667
5;140;3;77.7778;75.3333
5;140;4;77.037;76.3333
5;140;5;75.5556;72.3333
5;140;6;81.1111;76
5;140;7;78.5185;75.6667
5;140;8;74.8148;71.6667
5;140;9;75.5556;70
5;145;2;74.4444;73
5;145;3;76.6667;74
5;145;4;77.7778;76
5;145;5;76.6667;75
5;145;6;77.4074;75.6667
5;145;7;76.2963;74.6667
5;145;8;76.2963;74
5;145;9;74.8148;73
5;150;2;75.9259;71.6667
5;150;3;76.2963;74
5;150;4;78.5185;73.3333
5;150;5;75.1852;72
5;150;6;78.5185;75.6667
5;150;7;78.8889;74
5;150;8;77.4074;76
5;150;9;78.8889;75.6667
5;155;2;74.8148;70.6667
5;155;3;75.9259;72.3333
5;155;4;78.5185;74.3333
5;155;5;77.037;72.6667
5;155;6;72.2222;70.6667
5;155;7;77.037;75
5;155;8;77.4074;73.3333
5;155;9;76.2963;72
5;160;2;76.2963;72
5;160;3;72.963;70.3333
5;160;4;76.2963;73.3333
5;160;5;75.5556;72.3333
5;160;6;82.2222;77.3333
5;160;7;77.7778;72.3333
5;160;8;77.037;72
5;160;9;75.9259;71.6667
5;165;2;76.2963;73
5;165;3;78.5185;73.6667
5;165;4;78.5185;73.3333
5;165;5;76.2963;73.6667
5;165;6;76.6667;73.3333
5;165;7;78.1481;76.6667
5;165;8;79.6296;74
5;165;9;76.2963;73.6667
5;170;2;73.7037;72.3333
5;170;3;77.4074;74.6667
5;170;4;77.037;73.3333
5;170;5;75.5556;73.3333
5;170;6;77.7778;72.6667
5;170;7;76.2963;72.3333
5;170;8;78.1481;77.3333
5;170;9;79.2593;78
5;175;2;75.1852;72
5;175;3;76.2963;74
5;175;4;75.5556;74
5;175;5;78.5185;71.6667
5;175;6;78.8889;76.6667
5;175;7;77.4074;74.3333
5;175;8;80;73
5;175;9;78.1481;74.3333
5;180;2;75.9259;71
5;180;3;80.7407;76
5;180;4;78.8889;75.6667
5;180;5;78.5185;74
5;180;6;77.7778;76
5;180;7;78.1481;75
5;180;8;75.5556;72
5;180;9;78.1481;77
5;185;2;78.5185;75.3333
5;185;3;77.4074;74.3333
5;185;4;77.037;73
5;185;5;74.0741;73.3333
5;185;6;74.8148;72
5;185;7;79.2593;77
5;185;8;77.7778;74
5;185;9;78.8889;75.3333
5;190;2;74.8148;73.6667
5;190;3;75.5556;72.3333
5;190;4;78.1481;75.3333
5;190;5;77.7778;74.6667
5;190;6;78.1481;73
5;190;7;78.8889;73.6667
5;190;8;78.5185;72.3333
5;190;9;76.6667;74.6667
5;195;2;75.1852;74.3333
5;195;3;76.6667;73
5;195;4;74.8148;73.3333
5;195;5;77.4074;74.3333
5;195;6;78.5185;75.3333
5;195;7;78.8889;77.3333
5;195;8;77.7778;76
5;195;9;77.037;72.6667
5;200;2;78.8889;77
5;200;3;73.7037;70
5;200;4;77.037;75.3333
5;200;5;77.7778;74.3333
5;200;6;78.8889;74.6667
5;200;7;73.3333;70.6667
5;200;8;76.6667;75.3333
5;200;9;77.7778;73
5;205;2;78.5185;75.3333
5;205;3;77.4074;75.6667
5;205;4;76.6667;75
5;205;5;78.5185;76
5;205;6;77.4074;75.6667
5;205;7;78.1481;75.6667
5;205;8;77.037;75.3333
5;205;9;75.1852;73
5;210;2;76.6667;74.3333
5;210;3;77.4074;74.6667
5;210;4;76.2963;73.6667
5;210;5;78.5185;74.6667
5;210;6;77.4074;74.3333
5;210;7;79.2593;75
5;210;8;76.6667;73.3333
5;210;9;78.1481;75
5;215;2;76.6667;71.6667
5;215;3;79.2593;76.3333
5;215;4;74.8148;72.6667
5;215;5;74.8148;71
5;215;6;76.6667;74.3333
5;215;7;76.6667;76
5;215;8;78.5185;77.3333
5;215;9;75.5556;74.3333
5;220;2;75.9259;71.6667
5;220;3;77.037;72.6667
5;220;4;75.9259;72.6667
5;220;5;77.4074;76.6667
5;220;6;77.7778;72.6667
5;220;7;77.4074;75.6667
5;220;8;75.1852;71.6667
5;220;9;78.5185;76.6667
5;225;2;76.2963;72.3333
5;225;3;78.8889;77
5;225;4;77.4074;75.6667
5;225;5;75.5556;73.3333
5;225;6;77.7778;72
5;225;7;78.5185;77
5;225;8;78.8889;76.3333
5;225;9;77.7778;75
5;230;2;77.7778;74.3333
5;230;3;78.1481;75
5;230;4;75.9259;74
5;230;5;79.2593;75.3333
5;230;6;78.5185;72.6667
5;230;7;76.6667;71.6667
5;230;8;78.1481;76.6667
5;230;9;77.037;75.6667
5;235;2;76.2963;75.3333
5;235;3;76.6667;71.6667
5;235;4;77.037;73
5;235;5;78.8889;77.3333
5;235;6;76.2963;73.6667
5;235;7;77.7778;76
5;235;8;78.8889;73.3333
5;235;9;76.6667;75.6667
5;240;2;77.037;69
5;240;3;77.037;75.3333
5;240;4;79.6296;77.3333
5;240;5;78.1481;77.6667
5;240;6;77.7778;74.6667
5;240;7;78.1481;72.3333
5;240;8;72.2222;69.3333
5;240;9;77.4074;74.6667
5;245;2;76.6667;70.3333
5;245;3;78.1481;73.6667
5;245;4;79.2593;76
5;245;5;79.2593;75.3333
5;245;6;74.4444;72
5;245;7;78.1481;76.3333
5;245;8;76.6667;74.6667
5;245;9;79.2593;77
5;250;2;74.8148;73.3333
5;250;3;75.9259;73.6667
5;250;4;77.037;74.6667
5;250;5;77.037;73.3333
5;250;6;79.6296;77.6667
5;250;7;75.1852;73.6667
5;250;8;77.4074;74.3333
5;250;9;78.1481;76
5;255;2;79.2593;73.6667
5;255;3;77.7778;74
5;255;4;77.037;75
5;255;5;79.2593;76.3333
5;255;6;75.5556;73.6667
5;255;7;77.037;74.3333
5;255;8;79.2593;77.3333
5;255;9;77.7778;76.6667
5;260;2;75.5556;74.3333
5;260;3;77.4074;76
5;260;4;77.4074;74.3333
5;260;5;76.2963;74.6667
5;260;6;79.6296;76.6667
5;260;7;77.7778;76
5;260;8;80;78
5;260;9;78.8889;75.3333
5;265;2;77.7778;74.3333
5;265;3;75.5556;69.6667
5;265;4;77.7778;75
5;265;5;78.1481;75.3333
5;265;6;75.9259;74.6667
5;265;7;77.037;74
5;265;8;77.4074;75.6667
5;265;9;78.1481;76.6667
5;270;2;76.2963;74
5;270;3;75.1852;72.3333
5;270;4;78.1481;76
5;270;5;78.8889;75.3333
5;270;6;78.8889;75.3333
5;270;7;75.5556;73.3333
5;270;8;77.037;75.3333
5;270;9;77.037;73.6667
5;275;2;75.1852;73.3333
5;275;3;78.5185;75.6667
5;275;4;80;77
5;275;5;78.8889;74.6667
5;275;6;77.037;75.3333
5;275;7;76.6667;71.3333
5;275;8;78.5185;77
5;275;9;76.2963;75
5;280;2;76.2963;72.6667
5;280;3;79.6296;77.6667
5;280;4;78.1481;75.3333
5;280;5;76.2963;72.6667
5;280;6;80;77
5;280;7;75.5556;73.3333
5;280;8;75.5556;70
5;280;9;77.037;74.3333
5;285;2;76.2963;73
5;285;3;78.1481;74
5;285;4;77.7778;75.3333
5;285;5;77.037;76
5;285;6;77.4074;76.6667
5;285;7;77.037;72.3333
5;285;8;76.6667;72.3333
5;285;9;77.037;73.3333
6;5;2;73.7037;69
6;5;3;74.0741;70.3333
6;5;4;73.7037;71
6;5;5;71.4815;66
6;5;6;72.2222;69.3333
6;5;7;74.4444;72.6667
6;5;8;72.963;69.3333
6;5;9;75.9259;74
6;10;2;72.2222;71
6;10;3;75.9259;71
6;10;4;71.8519;70
6;10;5;74.8148;70.3333
6;10;6;67.7778;65.3333
6;10;7;71.8519;66.6667
6;10;8;72.5926;69.6667
6;10;9;69.2593;67.6667
6;15;2;71.8519;69.6667
6;15;3;71.4815;69
6;15;4;74.0741;71.3333
6;15;5;70.7407;65.6667
6;15;6;67.7778;66.6667
6;15;7;69.2593;66.6667
6;15;8;73.3333;70.3333
6;15;9;68.8889;64
6;20;2;76.2963;74.3333
6;20;3;77.037;72.6667
6;20;4;74.4444;72.3333
6;20;5;75.1852;70.6667
6;20;6;73.3333;71.3333
6;20;7;74.8148;71
6;20;8;72.2222;68.6667
6;20;9;72.963;70
6;25;2;75.9259;69.3333
6;25;3;75.1852;73.3333
6;25;4;74.4444;72.6667
6;25;5;73.7037;71.6667
6;25;6;75.9259;72.6667
6;25;7;74.8148;71.6667
6;25;8;71.4815;68
6;25;9;71.4815;70.6667
6;30;2;73.7037;71.3333
6;30;3;74.8148;70.3333
6;30;4;73.7037;71.6667
6;30;5;75.1852;74.3333
6;30;6;74.8148;70.3333
6;30;7;75.5556;72.3333
6;30;8;76.2963;74.6667
6;30;9;72.963;68.6667
6;35;2;75.9259;72.3333
6;35;3;73.7037;71
6;35;4;76.2963;72.6667
6;35;5;76.2963;71.6667
6;35;6;75.1852;71.3333
6;35;7;74.4444;71.6667
6;35;8;76.2963;72
6;35;9;74.0741;72
6;40;2;76.2963;74.6667
6;40;3;75.9259;74.6667
6;40;4;77.4074;74
6;40;5;75.9259;70.6667
6;40;6;73.7037;70.6667
6;40;7;76.6667;73.6667
6;40;8;71.1111;69
6;40;9;73.3333;70.6667
6;45;2;74.8148;73
6;45;3;74.4444;73
6;45;4;76.2963;75
6;45;5;76.2963;71.3333
6;45;6;75.9259;74.6667
6;45;7;74.0741;70.6667
6;45;8;77.7778;73.3333
6;45;9;75.5556;73.6667
6;50;2;75.5556;74.3333
6;50;3;74.4444;72.6667
6;50;4;74.4444;72.3333
6;50;5;76.2963;73.6667
6;50;6;75.9259;73.6667
6;50;7;75.5556;72.6667
6;50;8;79.2593;76.3333
6;50;9;73.3333;71.6667
6;55;2;77.7778;76.3333
6;55;3;76.6667;71.3333
6;55;4;74.8148;69.3333
6;55;5;78.8889;76.3333
6;55;6;75.1852;73
6;55;7;71.4815;68.6667
6;55;8;74.8148;73.6667
6;55;9;72.963;69.6667
6;60;2;77.4074;72
6;60;3;77.4074;75
6;60;4;74.4444;71.6667
6;60;5;78.1481;76
6;60;6;78.1481;76
6;60;7;75.9259;73.3333
6;60;8;78.5185;74.3333
6;60;9;76.6667;73.6667
6;65;2;72.5926;69
6;65;3;74.8148;74
6;65;4;74.4444;71.3333
6;65;5;75.1852;72.6667
6;65;6;78.5185;75.3333
6;65;7;72.963;71.6667
6;65;8;74.8148;72
6;65;9;74.4444;71.6667
6;70;2;77.037;74
6;70;3;76.2963;74.6667
6;70;4;76.6667;74.6667
6;70;5;75.1852;72
6;70;6;75.1852;73.6667
6;70;7;76.2963;73.3333
6;70;8;75.5556;72.3333
6;70;9;76.6667;74
6;75;2;77.4074;74.6667
6;75;3;75.5556;72
6;75;4;77.037;75.3333
6;75;5;75.5556;74.3333
6;75;6;74.0741;72.3333
6;75;7;77.4074;73.6667
6;75;8;76.6667;74.3333
6;75;9;77.4074;73.3333
6;80;2;78.5185;75
6;80;3;77.7778;76.3333
6;80;4;76.2963;73
6;80;5;76.6667;75.3333
6;80;6;76.2963;75.3333
6;80;7;77.4074;75.6667
6;80;8;74.8148;73.6667
6;80;9;73.3333;72
6;85;2;74.8148;72
6;85;3;77.4074;73.3333
6;85;4;74.4444;73
6;85;5;78.5185;75
6;85;6;75.5556;73.6667
6;85;7;76.2963;72.3333
6;85;8;74.8148;73.3333
6;85;9;77.037;75.6667
6;90;2;75.1852;72.3333
6;90;3;77.4074;75
6;90;4;75.9259;72
6;90;5;75.9259;74.3333
6;90;6;79.2593;74.6667
6;90;7;77.037;74
6;90;8;77.7778;75
6;90;9;77.037;76
6;95;2;77.7778;76.6667
6;95;3;75.5556;74.6667
6;95;4;77.4074;73.3333
6;95;5;75.9259;72
6;95;6;74.4444;73
6;95;7;73.7037;72.3333
6;95;8;77.037;75.3333
6;95;9;76.2963;73
6;100;2;75.1852;73
6;100;3;71.1111;70.3333
6;100;4;77.7778;73.6667
6;100;5;73.7037;72.3333
6;100;6;77.037;74.6667
6;100;7;76.6667;74.6667
6;100;8;75.5556;73
6;100;9;77.7778;74.3333
6;105;2;77.7778;72.3333
6;105;3;77.4074;72
6;105;4;77.7778;74.3333
6;105;5;80;77.6667
6;105;6;77.7778;73
6;105;7;75.5556;74
6;105;8;79.2593;73.3333
6;105;9;77.037;75.6667
6;110;2;78.5185;75.6667
6;110;3;75.9259;74
6;110;4;76.2963;75
6;110;5;76.6667;74
6;110;6;76.2963;73.6667
6;110;7;73.3333;70.6667
6;110;8;77.4074;74.6667
6;110;9;80;74.6667
6;115;2;76.6667;74.6667
6;115;3;74.0741;73
6;115;4;78.1481;74
6;115;5;77.4074;75.6667
6;115;6;77.037;71
6;115;7;79.2593;77.3333
6;115;8;77.037;73
6;115;9;75.9259;75
6;120;2;72.2222;70.3333
6;120;3;76.2963;75
6;120;4;77.037;75.6667
6;120;5;78.8889;76.6667
6;120;6;75.5556;72
6;120;7;76.6667;75.6667
6;120;8;75.9259;71
6;120;9;77.037;73
6;125;2;78.1481;75.6667
6;125;3;71.4815;70
6;125;4;76.6667;73.3333
6;125;5;74.4444;73
6;125;6;78.5185;72.3333
6;125;7;77.037;74.6667
6;125;8;78.1481;73.3333
6;125;9;77.037;72.3333
6;130;2;75.1852;74.3333
6;130;3;77.037;74.6667
6;130;4;76.2963;74.3333
6;130;5;76.6667;73
6;130;6;76.6667;75.3333
6;130;7;76.2963;75.3333
6;130;8;77.4074;75.6667
6;130;9;76.6667;74.3333
6;135;2;78.1481;75.3333
6;135;3;78.1481;77
6;135;4;76.2963;73.6667
6;135;5;78.5185;74.3333
6;135;6;78.1481;74.6667
6;135;7;77.7778;75
6;135;8;75.1852;73.6667
6;135;9;78.1481;74.3333
6;140;2;76.2963;73.6667
6;140;3;72.2222;69.6667
6;140;4;73.7037;71
6;140;5;77.4074;74.6667
6;140;6;77.7778;76.3333
6;140;7;77.037;74.6667
6;140;8;78.8889;75.6667
6;140;9;78.5185;74.6667
6;145;2;79.2593;76.6667
6;145;3;76.6667;75
6;145;4;78.8889;76.6667
6;145;5;76.2963;75.6667
6;145;6;76.6667;75.3333
6;145;7;77.7778;75.6667
6;145;8;75.5556;74
6;145;9;75.9259;74
6;150;2;74.4444;70.6667
6;150;3;78.1481;73.6667
6;150;4;75.1852;73
6;150;5;76.2963;75
6;150;6;77.4074;74
6;150;7;78.5185;76.6667
6;150;8;72.5926;71
6;150;9;78.5185;76
6;155;2;76.6667;74
6;155;3;78.5185;74.6667
6;155;4;77.037;75.3333
6;155;5;76.2963;74.3333
6;155;6;74.8148;73.3333
6;155;7;76.2963;74.3333
6;155;8;78.5185;76
6;155;9;76.2963;73.3333
6;160;2;76.2963;73
6;160;3;75.5556;70.3333
6;160;4;74.0741;72.6667
6;160;5;75.9259;73
6;160;6;78.8889;73.6667
6;160;7;79.6296;75.6667
6;160;8;77.7778;75.3333
6;160;9;71.4815;68.6667
6;165;2;76.2963;71.3333
6;165;3;78.5185;74.6667
6;165;4;77.4074;75.3333
6;165;5;75.9259;73.6667
6;165;6;78.5185;73
6;165;7;75.9259;73.3333
6;165;8;78.1481;76.6667
6;165;9;75.9259;73.3333
6;170;2;76.2963;75.6667
6;170;3;76.2963;73.6667
6;170;4;75.1852;72.6667
6;170;5;76.6667;74.6667
6;170;6;77.7778;73
6;170;7;77.4074;74.3333
6;170;8;77.7778;73.3333
6;170;9;77.7778;75.3333
6;175;2;78.1481;76.6667
6;175;3;75.1852;74
6;175;4;75.5556;73.3333
6;175;5;78.8889;77
6;175;6;78.1481;72.6667
6;175;7;79.6296;76.3333
6;175;8;77.7778;75.6667
6;175;9;78.5185;76
6;180;2;77.7778;76.6667
6;180;3;78.5185;73.6667
6;180;4;77.4074;72.6667
6;180;5;77.4074;72.3333
6;180;6;77.037;75.3333
6;180;7;76.6667;75
6;180;8;77.4074;75.3333
6;180;9;78.8889;77.3333
6;185;2;78.8889;75.3333
6;185;3;78.1481;74
6;185;4;77.037;75.6667
6;185;5;81.8519;77.6667
6;185;6;78.5185;77
6;185;7;76.6667;73.6667
6;185;8;75.5556;72.3333
6;185;9;77.037;75
6;190;2;77.037;74.3333
6;190;3;74.8148;71
6;190;4;76.2963;74
6;190;5;79.2593;75
6;190;6;75.9259;74.6667
6;190;7;81.4815;78.3333
6;190;8;77.4074;75.3333
6;190;9;78.5185;75.3333
6;195;2;77.4074;73.3333
6;195;3;77.7778;72.3333
6;195;4;78.1481;76.3333
6;195;5;73.7037;71
6;195;6;74.8148;71.3333
6;195;7;78.8889;76.3333
6;195;8;77.4074;74.3333
6;195;9;77.7778;74.6667
6;200;2;74.4444;70
6;200;3;78.5185;76.6667
6;200;4;77.037;76.3333
6;200;5;79.2593;75
6;200;6;75.1852;72.3333
6;200;7;78.1481;77.3333
6;200;8;77.4074;75.3333
6;200;9;77.4074;74.3333
6;205;2;74.8148;73
6;205;3;78.5185;77
6;205;4;77.037;73.6667
6;205;5;77.7778;74.3333
6;205;6;78.1481;74.6667
6;205;7;75.9259;71.6667
6;205;8;78.5185;77.6667
6;205;9;78.8889;73.3333
6;210;2;77.4074;73.6667
6;210;3;76.6667;74.6667
6;210;4;76.2963;74
6;210;5;78.1481;76
6;210;6;77.7778;74.3333
6;210;7;77.4074;75.3333
6;210;8;75.9259;74
6;210;9;78.8889;76.3333
6;215;2;77.037;75
6;215;3;76.2963;74.3333
6;215;4;75.1852;73.3333
6;215;5;76.6667;75.6667
6;215;6;79.6296;75.3333
6;215;7;78.1481;75
6;215;8;78.5185;76
6;215;9;77.4074;76
6;220;2;76.2963;72
6;220;3;81.1111;76.6667
6;220;4;78.1481;73.3333
6;220;5;79.2593;77.3333
6;220;6;77.037;73.6667
6;220;7;78.1481;77
6;220;8;77.7778;74.6667
6;220;9;77.4074;76
6;225;2;75.5556;74.3333
6;225;3;75.5556;73.6667
6;225;4;76.6667;72.6667
6;225;5;76.6667;75
6;225;6;77.037;75
6;225;7;75.9259;72
6;225;8;79.6296;74
6;225;9;78.5185;77.3333
6;230;2;74.0741;72.6667
6;230;3;78.8889;77
6;230;4;81.1111;78.6667
6;230;5;77.7778;76.6667
6;230;6;78.5185;75.6667
6;230;7;79.2593;75.6667
6;230;8;77.7778;71
6;230;9;77.7778;75.3333
6;235;2;78.5185;75.6667
6;235;3;76.6667;74.3333
6;235;4;79.2593;77
6;235;5;77.7778;74.6667
6;235;6;77.4074;75.6667
6;235;7;78.5185;74.3333
6;235;8;78.5185;76.3333
6;235;9;74.4444;71.3333
6;240;2;78.1481;75
6;240;3;77.7778;76.3333
6;240;4;75.9259;73.6667
6;240;5;77.037;76.3333
6;240;6;77.4074;76
6;240;7;78.5185;77
6;240;8;77.4074;72.3333
6;240;9;76.6667;75
6;245;2;76.2963;73.3333
6;245;3;78.8889;77.3333
6;245;4;78.1481;73.6667
6;245;5;79.2593;74.3333
6;245;6;76.2963;72.6667
6;245;7;75.9259;72.6667
6;245;8;78.1481;77
6;245;9;77.4074;73
6;250;2;78.1481;75
6;250;3;73.7037;71.3333
6;250;4;77.7778;73.3333
6;250;5;75.5556;72
6;250;6;77.037;73.6667
6;250;7;78.1481;76.6667
6;250;8;76.2963;75
6;250;9;79.2593;73.6667
6;255;2;78.1481;75
6;255;3;77.4074;73.6667
6;255;4;77.4074;71
6;255;5;80.3704;76
6;255;6;75.9259;73
6;255;7;76.6667;72.6667
6;255;8;75.9259;72.3333
6;255;9;75.1852;69.6667
6;260;2;74.0741;71.6667
6;260;3;75.9259;73.6667
6;260;4;76.6667;73.3333
6;260;5;79.2593;73
6;260;6;75.5556;73
6;260;7;78.8889;76.6667
6;260;8;78.8889;76.3333
6;260;9;77.4074;74
6;265;2;77.7778;74.6667
6;265;3;75.1852;74
6;265;4;76.6667;76
6;265;5;77.7778;74.6667
6;265;6;76.2963;73.6667
6;265;7;79.2593;74.3333
6;265;8;78.5185;75
6;265;9;76.6667;72.6667
6;270;2;77.4074;75
6;270;3;80.3704;77
6;270;4;77.7778;75.6667
6;270;5;76.2963;75.3333
6;270;6;78.5185;76.6667
6;270;7;78.1481;76.6667
6;270;8;77.7778;75.6667
6;270;9;78.8889;75.6667
6;275;2;77.037;73.6667
6;275;3;76.6667;73.6667
6;275;4;78.8889;77.3333
6;275;5;80.3704;78
6;275;6;78.8889;76.3333
6;275;7;79.2593;75.6667
6;275;8;75.5556;73
6;275;9;74.8148;71.6667
6;280;2;77.4074;74.3333
6;280;3;77.7778;76.3333
6;280;4;78.1481;76.3333
6;280;5;75.9259;71
6;280;6;77.4074;73.6667
6;280;7;74.8148;73
6;280;8;77.7778;75.6667
6;280;9;74.8148;72.3333
6;285;2;76.6667;72.6667
6;285;3;77.4074;76
6;285;4;78.8889;75.3333
6;285;5;78.1481;72
6;285;6;76.6667;72.6667
6;285;7;76.2963;75
6;285;8;75.9259;75
6;285;9;75.9259;71.6667
7;5;2;72.963;71.6667
7;5;3;72.963;70
7;5;4;73.7037;71.6667
7;5;5;73.7037;70.6667
7;5;6;73.3333;68
7;5;7;71.4815;70.3333
7;5;8;71.8519;69.6667
7;5;9;74.8148;72.6667
7;10;2;72.963;69.6667
7;10;3;68.5185;67
7;10;4;74.8148;71.6667
7;10;5;71.1111;70
7;10;6;74.0741;71
7;10;7;71.4815;69.6667
7;10;8;72.963;69.3333
7;10;9;72.2222;69
7;15;2;75.1852;71.6667
7;15;3;70.7407;67.3333
7;15;4;73.3333;71.6667
7;15;5;72.2222;69.6667
7;15;6;73.7037;71.3333
7;15;7;74.4444;72.3333
7;15;8;73.7037;71.6667
7;15;9;74.4444;72.3333
7;20;2;78.8889;74.6667
7;20;3;73.3333;69
7;20;4;74.4444;70
7;20;5;74.8148;72.3333
7;20;6;72.963;70.3333
7;20;7;74.4444;72.6667
7;20;8;74.0741;72.6667
7;20;9;74.8148;69
7;25;2;78.1481;75
7;25;3;77.4074;75.6667
7;25;4;72.5926;71.3333
7;25;5;75.1852;74
7;25;6;74.4444;73.6667
7;25;7;72.5926;70.6667
7;25;8;75.1852;73
7;25;9;71.8519;69.6667
7;30;2;75.5556;73
7;30;3;76.2963;74
7;30;4;76.2963;74.6667
7;30;5;74.8148;71.3333
7;30;6;73.3333;71.6667
7;30;7;75.9259;72.6667
7;30;8;71.8519;70.6667
7;30;9;72.963;71
7;35;2;77.037;76.3333
7;35;3;76.2963;73.6667
7;35;4;78.1481;75
7;35;5;75.9259;73.6667
7;35;6;74.0741;70.6667
7;35;7;76.2963;73.3333
7;35;8;75.5556;70.3333
7;35;9;77.4074;73
7;40;2;79.2593;77.3333
7;40;3;74.0741;73
7;40;4;76.2963;73.6667
7;40;5;75.5556;74.3333
7;40;6;74.4444;71
7;40;7;74.4444;73
7;40;8;73.7037;71
7;40;9;72.963;71
7;45;2;77.4074;72
7;45;3;77.4074;75.3333
7;45;4;76.2963;74.6667
7;45;5;75.5556;74.3333
7;45;6;74.4444;71.3333
7;45;7;77.4074;73.3333
7;45;8;75.5556;71
7;45;9;77.4074;72.6667
7;50;2;77.7778;77
7;50;3;77.4074;75.3333
7;50;4;77.037;75.6667
7;50;5;76.2963;75.6667
7;50;6;76.6667;74.3333
7;50;7;76.2963;75.3333
7;50;8;73.3333;70.3333
7;50;9;74.4444;72.3333
7;55;2;72.5926;70
7;55;3;77.4074;74.6667
7;55;4;73.7037;72.6667
7;55;5;76.6667;75
7;55;6;76.6667;75.6667
7;55;7;75.1852;72.6667
7;55;8;75.9259;74.6667
7;55;9;73.3333;70.6667
7;60;2;77.7778;75.3333
7;60;3;75.5556;73
7;60;4;77.037;75.3333
7;60;5;78.5185;71.6667
7;60;6;76.6667;74.3333
7;60;7;75.5556;74.3333
7;60;8;76.2963;75
7;60;9;75.1852;72
7;65;2;77.037;73
7;65;3;73.7037;72.6667
7;65;4;78.5185;76
7;65;5;77.7778;75.6667
7;65;6;78.1481;75
7;65;7;76.6667;75
7;65;8;77.037;73.6667
7;65;9;75.9259;74
7;70;2;78.5185;77
7;70;3;77.4074;74.6667
7;70;4;76.6667;72.6667
7;70;5;76.2963;75.6667
7;70;6;76.6667;74.6667
7;70;7;75.9259;74.6667
7;70;8;76.6667;74.6667
7;70;9;73.7037;72.3333
7;75;2;76.6667;75
7;75;3;77.037;75.6667
7;75;4;76.2963;73.6667
7;75;5;76.2963;75
7;75;6;75.5556;72.3333
7;75;7;75.5556;72.6667
7;75;8;77.4074;76.3333
7;75;9;74.8148;71.6667
7;80;2;76.6667;74
7;80;3;77.4074;75.6667
7;80;4;77.4074;73.6667
7;80;5;77.7778;76
7;80;6;77.037;75.3333
7;80;7;78.1481;74
7;80;8;77.037;76
7;80;9;78.1481;77.3333
7;85;2;76.2963;74.3333
7;85;3;77.037;74.6667
7;85;4;77.037;75
7;85;5;77.4074;75
7;85;6;77.7778;73
7;85;7;76.2963;74.6667
7;85;8;76.2963;73.3333
7;85;9;77.037;75
7;90;2;76.6667;73.6667
7;90;3;77.037;75
7;90;4;77.037;74
7;90;5;78.5185;75.6667
7;90;6;74.8148;72.6667
7;90;7;77.7778;76.3333
7;90;8;76.2963;73
7;90;9;78.1481;76
7;95;2;77.037;73.6667
7;95;3;77.037;75
7;95;4;77.7778;72
7;95;5;74.8148;71.3333
7;95;6;76.6667;73
7;95;7;78.5185;74.6667
7;95;8;79.6296;76.6667
7;95;9;76.6667;75.3333
7;100;2;74.0741;73.3333
7;100;3;77.037;74.3333
7;100;4;77.037;75.3333
7;100;5;77.7778;76.6667
7;100;6;79.6296;75.6667
7;100;7;78.1481;75.6667
7;100;8;77.4074;74.6667
7;100;9;78.5185;77
7;105;2;75.5556;72.3333
7;105;3;77.4074;76.3333
7;105;4;76.2963;75.3333
7;105;5;75.1852;72.6667
7;105;6;75.9259;73.6667
7;105;7;76.6667;75.6667
7;105;8;79.2593;74.6667
7;105;9;76.2963;74.6667
7;110;2;78.8889;73.6667
7;110;3;75.9259;75
7;110;4;75.5556;73
7;110;5;77.4074;72
7;110;6;77.7778;72.6667
7;110;7;74.4444;72
7;110;8;77.7778;76.3333
7;110;9;77.037;74.3333
7;115;2;73.7037;72.3333
7;115;3;77.7778;75.3333
7;115;4;78.1481;76.3333
7;115;5;78.8889;73.3333
7;115;6;77.4074;75.6667
7;115;7;78.1481;77
7;115;8;77.4074;75.3333
7;115;9;77.4074;74.6667
7;120;2;77.7778;75.3333
7;120;3;74.8148;74
7;120;4;78.1481;76
7;120;5;76.2963;74.6667
7;120;6;77.7778;72.3333
7;120;7;79.6296;77.3333
7;120;8;77.4074;76.6667
7;120;9;76.2963;74.6667
7;125;2;76.2963;74
7;125;3;76.6667;75.6667
7;125;4;76.6667;74.3333
7;125;5;76.6667;75.3333
7;125;6;78.5185;76
7;125;7;79.6296;77.3333
7;125;8;76.6667;73
7;125;9;77.037;72.6667
7;130;2;77.037;75.3333
7;130;3;78.1481;77
7;130;4;78.1481;74.6667
7;130;5;77.037;76.3333
7;130;6;77.7778;74.6667
7;130;7;77.037;76
7;130;8;76.6667;75.3333
7;130;9;77.037;76.3333
7;135;2;75.1852;71.3333
7;135;3;79.2593;76
7;135;4;77.037;74.6667
7;135;5;79.2593;77.3333
7;135;6;75.9259;70
7;135;7;78.5185;74.6667
7;135;8;78.1481;76
7;135;9;78.1481;76.3333
7;140;2;79.6296;74.6667
7;140;3;75.5556;72
7;140;4;78.1481;76.3333
7;140;5;79.6296;76.6667
7;140;6;75.1852;74
7;140;7;77.7778;75
7;140;8;77.037;76.6667
7;140;9;74.8148;73.3333
7;145;2;79.6296;73.6667
7;145;3;77.037;76
7;145;4;70;69
7;145;5;79.6296;77.3333
7;145;6;78.5185;76.6667
7;145;7;78.5185;76.3333
7;145;8;77.037;76.3333
7;145;9;77.7778;74.3333
7;150;2;78.1481;77
7;150;3;77.4074;73.3333
7;150;4;79.2593;76.6667
7;150;5;77.4074;76
7;150;6;75.9259;74.6667
7;150;7;76.6667;75.6667
7;150;8;78.5185;77
7;150;9;76.2963;74.3333
7;155;2;75.9259;75
7;155;3;77.4074;74.3333
7;155;4;78.8889;74
7;155;5;76.6667;75
7;155;6;77.4074;76
7;155;7;77.037;76
7;155;8;77.4074;76.3333
7;155;9;75.5556;74.6667
7;160;2;75.9259;72.3333
7;160;3;78.1481;76.3333
7;160;4;76.2963;71.3333
7;160;5;79.2593;74.6667
7;160;6;78.1481;75.6667
7;160;7;78.1481;76
7;160;8;77.037;74.6667
7;160;9;78.1481;75
7;165;2;77.7778;74
7;165;3;75.5556;73.3333
7;165;4;77.4074;76
7;165;5;78.1481;77
7;165;6;79.2593;77.6667
7;165;7;78.8889;75.6667
7;165;8;80.3704;74.3333
7;165;9;78.5185;77
7;170;2;76.2963;74.6667
7;170;3;77.7778;75.3333
7;170;4;78.1481;74.6667
7;170;5;77.4074;74.3333
7;170;6;78.1481;75.3333
7;170;7;79.2593;76.3333
7;170;8;78.1481;77
7;170;9;76.6667;72.3333
7;175;2;78.5185;74.6667
7;175;3;77.4074;75.6667
7;175;4;77.037;76.3333
7;175;5;77.4074;75.3333
7;175;6;77.7778;74
7;175;7;77.4074;74.6667
7;175;8;78.1481;77
7;175;9;76.6667;75.3333
7;180;2;77.7778;75.6667
7;180;3;76.2963;73.3333
7;180;4;77.7778;76.3333
7;180;5;69.6296;67.6667
7;180;6;73.3333;72
7;180;7;78.8889;75.6667
7;180;8;77.4074;76
7;180;9;78.5185;77.6667
7;185;2;78.1481;77.3333
7;185;3;75.1852;74.3333
7;185;4;79.6296;73.3333
7;185;5;78.1481;73.6667
7;185;6;79.2593;78
7;185;7;77.037;76
7;185;8;78.1481;76.6667
7;185;9;77.7778;75
7;190;2;78.1481;75.6667
7;190;3;77.4074;76.3333
7;190;4;78.5185;75
7;190;5;75.1852;73.6667
7;190;6;76.6667;75
7;190;7;78.5185;77
7;190;8;78.5185;76
7;190;9;78.1481;77.6667
7;195;2;77.4074;75.6667
7;195;3;75.5556;75
7;195;4;77.4074;74.6667
7;195;5;78.1481;74.6667
7;195;6;77.7778;74.6667
7;195;7;76.2963;75.3333
7;195;8;78.5185;74.6667
7;195;9;78.8889;75.3333
7;200;2;78.5185;75.3333
7;200;3;79.6296;77
7;200;4;78.1481;76
7;200;5;79.6296;77.3333
7;200;6;77.4074;75.6667
7;200;7;76.2963;73.6667
7;200;8;75.9259;72.3333
7;200;9;75.9259;73.6667
7;205;2;76.2963;73
7;205;3;78.8889;77
7;205;4;76.2963;74.3333
7;205;5;78.5185;72.3333
7;205;6;76.6667;75.6667
7;205;7;78.1481;76.3333
7;205;8;78.8889;76.6667
7;205;9;77.037;73.6667
7;210;2;78.1481;74.3333
7;210;3;75.9259;72.3333
7;210;4;77.7778;75
7;210;5;79.6296;74.6667
7;210;6;76.6667;74
7;210;7;78.5185;73.6667
7;210;8;78.1481;76.3333
7;210;9;77.4074;75.3333
7;215;2;79.2593;77.3333
7;215;3;77.037;73.3333
7;215;4;77.4074;75.6667
7;215;5;77.4074;75.3333
7;215;6;80;77.6667
7;215;7;79.6296;77.3333
7;215;8;78.1481;75
7;215;9;76.6667;74.6667
7;220;2;78.5185;77
7;220;3;78.1481;76.6667
7;220;4;78.5185;75.3333
7;220;5;78.5185;75.3333
7;220;6;76.2963;75.3333
7;220;7;78.5185;70.3333
7;220;8;79.2593;76.3333
7;220;9;77.7778;74
7;225;2;78.5185;76.6667
7;225;3;77.4074;76.6667
7;225;4;75.9259;72.3333
7;225;5;76.6667;71.6667
7;225;6;78.1481;77
7;225;7;75.9259;73.3333
7;225;8;76.6667;74.3333
7;225;9;75.5556;74.6667
7;230;2;77.037;76
7;230;3;77.037;73.3333
7;230;4;75.9259;72.3333
7;230;5;77.7778;76.6667
7;230;6;77.4074;76.3333
7;230;7;78.5185;76
7;230;8;76.2963;73.6667
7;230;9;76.6667;73.6667
7;235;2;77.7778;74
7;235;3;77.7778;76.3333
7;235;4;77.7778;75.3333
7;235;5;76.6667;74.3333
7;235;6;77.7778;75
7;235;7;76.6667;75.3333
7;235;8;77.4074;74.3333
7;235;9;76.6667;74.6667
7;240;2;76.2963;75
7;240;3;78.1481;76
7;240;4;78.1481;75.6667
7;240;5;76.2963;74
7;240;6;78.5185;74.3333
7;240;7;77.4074;74.3333
7;240;8;79.2593;77
7;240;9;77.7778;73.3333
7;245;2;77.4074;74.3333
7;245;3;77.7778;76.3333
7;245;4;78.8889;74
7;245;5;78.1481;74.3333
7;245;6;80.3704;75
7;245;7;77.7778;76
7;245;8;77.4074;77
7;245;9;76.6667;74.3333
7;250;2;75.5556;74.6667
7;250;3;75.9259;73.3333
7;250;4;79.2593;75.6667
7;250;5;79.6296;78
7;250;6;80;76.6667
7;250;7;77.037;76.3333
7;250;8;78.1481;75.6667
7;250;9;74.8148;72.6667
7;255;2;76.2963;74
7;255;3;75.5556;73.3333
7;255;4;78.5185;72.6667
7;255;5;78.1481;76
7;255;6;79.2593;77
7;255;7;78.1481;74
7;255;8;79.6296;78
7;255;9;79.2593;76
7;260;2;78.8889;75
7;260;3;77.7778;74.3333
7;260;4;75.9259;72.3333
7;260;5;77.4074;74.6667
7;260;6;75.5556;72.6667
7;260;7;74.0741;71
7;260;8;78.5185;76.6667
7;260;9;77.4074;76
7;265;2;78.1481;74.3333
7;265;3;78.8889;76.3333
7;265;4;76.2963;75.3333
7;265;5;78.1481;76.6667
7;265;6;78.8889;77
7;265;7;78.1481;76
7;265;8;78.1481;75.6667
7;265;9;77.037;73.3333
7;270;2;77.4074;74.6667
7;270;3;76.6667;75.3333
7;270;4;74.8148;72.6667
7;270;5;75.5556;73.6667
7;270;6;77.037;73
7;270;7;76.6667;73.3333
7;270;8;73.3333;70.6667
7;270;9;79.6296;77.6667
7;275;2;78.5185;76.6667
7;275;3;77.7778;75
7;275;4;80;76.3333
7;275;5;77.7778;73.6667
7;275;6;77.4074;76.3333
7;275;7;78.1481;78
7;275;8;77.7778;75.6667
7;275;9;77.037;75.6667
7;280;2;74.8148;71.3333
7;280;3;78.8889;76.6667
7;280;4;78.1481;75.6667
7;280;5;77.4074;76
7;280;6;76.6667;72.3333
7;280;7;78.5185;76.3333
7;280;8;77.7778;73.6667
7;280;9;75.5556;73.3333
7;285;2;75.9259;75
7;285;3;78.5185;76
7;285;4;77.7778;70.3333
7;285;5;77.7778;75.3333
7;285;6;78.1481;76.6667
7;285;7;76.2963;75.6667
7;285;8;78.1481;77
7;285;9;77.037;75.6667
8;5;2;76.2963;72
8;5;3;73.3333;69
8;5;4;72.963;69.6667
8;5;5;78.1481;76
8;5;6;73.7037;70.3333
8;5;7;71.4815;69.6667
8;5;8;72.5926;71
8;5;9;74.4444;72.6667
8;10;2;77.4074;75.3333
8;10;3;74.4444;73
8;10;4;76.2963;71.3333
8;10;5;76.2963;72.3333
8;10;6;76.2963;71
8;10;7;69.2593;67.6667
8;10;8;71.1111;70.3333
8;10;9;72.2222;70.6667
8;15;2;75.9259;74.3333
8;15;3;75.5556;71.3333
8;15;4;72.5926;72
8;15;5;75.9259;73
8;15;6;75.1852;70.3333
8;15;7;73.3333;67
8;15;8;71.8519;70.6667
8;15;9;75.1852;71.6667
8;20;2;77.4074;74.3333
8;20;3;74.0741;73
8;20;4;76.6667;75
8;20;5;75.5556;72.3333
8;20;6;73.7037;70
8;20;7;71.1111;69.3333
8;20;8;73.3333;71.6667
8;20;9;73.3333;72
8;25;2;74.4444;72.3333
8;25;3;75.5556;72.3333
8;25;4;75.5556;71.3333
8;25;5;72.5926;69.6667
8;25;6;77.037;75.3333
8;25;7;71.1111;69
8;25;8;72.2222;70
8;25;9;75.5556;71.6667
8;30;2;75.1852;72.6667
8;30;3;77.037;76
8;30;4;74.8148;73.6667
8;30;5;75.9259;74
8;30;6;74.8148;73
8;30;7;72.963;68.6667
8;30;8;75.9259;73.3333
8;30;9;72.2222;70.3333
8;35;2;75.1852;73.6667
8;35;3;75.9259;74.6667
8;35;4;75.9259;72.6667
8;35;5;75.5556;72.3333
8;35;6;75.1852;72.3333
8;35;7;72.5926;69.6667
8;35;8;75.9259;74
8;35;9;74.0741;70.6667
8;40;2;76.2963;74.6667
8;40;3;76.2963;74.6667
8;40;4;77.7778;76.6667
8;40;5;77.037;74.3333
8;40;6;75.1852;73.3333
8;40;7;74.4444;72
8;40;8;73.7037;72.6667
8;40;9;75.1852;72
8;45;2;75.5556;73.3333
8;45;3;76.2963;75
8;45;4;76.2963;72.3333
8;45;5;74.4444;72.3333
8;45;6;77.7778;75.6667
8;45;7;75.5556;72.3333
8;45;8;73.7037;71.6667
8;45;9;75.1852;73.6667
8;50;2;76.6667;74.3333
8;50;3;75.1852;74.3333
8;50;4;78.5185;74
8;50;5;78.1481;75
8;50;6;78.8889;75.3333
8;50;7;77.4074;75
8;50;8;75.5556;74.6667
8;50;9;73.3333;71.3333
8;55;2;77.037;75.6667
8;55;3;77.037;73
8;55;4;76.2963;75
8;55;5;75.5556;73.6667
8;55;6;77.037;73.6667
8;55;7;74.0741;72.6667
8;55;8;75.9259;72.6667
8;55;9;78.1481;74
8;60;2;76.6667;75.3333
8;60;3;76.2963;74.6667
8;60;4;75.5556;73.6667
8;60;5;76.6667;75.3333
8;60;6;76.6667;74
8;60;7;76.6667;74.6667
8;60;8;77.4074;75.6667
8;60;9;75.9259;73
8;65;2;78.1481;76.6667
8;65;3;76.6667;71
8;65;4;75.5556;72
8;65;5;79.6296;77
8;65;6;75.5556;74.6667
8;65;7;75.9259;74.6667
8;65;8;76.2963;73.3333
8;65;9;78.1481;75
8;70;2;78.5185;75
8;70;3;77.4074;76.3333
8;70;4;78.5185;76.3333
8;70;5;78.8889;76
8;70;6;78.5185;73.3333
8;70;7;75.9259;73.6667
8;70;8;79.6296;77
8;70;9;77.7778;74.3333
8;75;2;77.4074;75
8;75;3;78.5185;75.3333
8;75;4;77.037;76
8;75;5;74.4444;73.3333
8;75;6;75.5556;74
8;75;7;75.5556;73
8;75;8;75.5556;74.3333
8;75;9;75.5556;74.3333
8;80;2;76.2963;75
8;80;3;75.5556;74.3333
8;80;4;77.4074;74.3333
8;80;5;74.4444;73.6667
8;80;6;77.4074;75.6667
8;80;7;76.2963;75
8;80;8;77.4074;74
8;80;9;77.4074;73.6667
8;85;2;75.1852;73.3333
8;85;3;77.4074;75.3333
8;85;4;75.9259;74.6667
8;85;5;77.4074;76.3333
8;85;6;75.9259;71.6667
8;85;7;77.4074;73
8;85;8;77.7778;75.6667
8;85;9;80;77
8;90;2;76.2963;75
8;90;3;76.6667;73.6667
8;90;4;77.037;75.6667
8;90;5;78.5185;72.6667
8;90;6;78.1481;74.6667
8;90;7;78.1481;76.6667
8;90;8;76.6667;73
8;90;9;78.8889;76.3333
8;95;2;74.8148;72
8;95;3;76.6667;74.3333
8;95;4;76.6667;73.6667
8;95;5;77.7778;76.3333
8;95;6;75.1852;74.3333
8;95;7;78.5185;75.6667
8;95;8;77.037;75.3333
8;95;9;79.2593;75
8;100;2;77.037;75.6667
8;100;3;77.4074;74
8;100;4;77.037;74.6667
8;100;5;77.4074;73.3333
8;100;6;77.037;75.6667
8;100;7;78.1481;73
8;100;8;75.9259;74.3333
8;100;9;78.1481;76.6667
8;105;2;77.4074;75.3333
8;105;3;78.1481;75.6667
8;105;4;78.1481;76.3333
8;105;5;78.1481;76.3333
8;105;6;76.6667;75
8;105;7;76.6667;74
8;105;8;78.1481;77.6667
8;105;9;76.6667;75
8;110;2;76.6667;74.3333
8;110;3;75.5556;73
8;110;4;77.4074;72.3333
8;110;5;77.037;76
8;110;6;77.037;75.6667
8;110;7;77.4074;72.6667
8;110;8;77.037;75.3333
8;110;9;78.1481;77.3333
8;115;2;77.037;72.6667
8;115;3;80;75.6667
8;115;4;76.6667;74.3333
8;115;5;77.4074;73.3333
8;115;6;77.4074;75.3333
8;115;7;75.9259;71.3333
8;115;8;76.2963;74.6667
8;115;9;76.6667;74
8;120;2;77.037;76.3333
8;120;3;76.6667;75.3333
8;120;4;78.1481;74
8;120;5;77.037;75.3333
8;120;6;79.2593;77.3333
8;120;7;77.037;76
8;120;8;77.037;74.6667
8;120;9;76.6667;73.6667
8;125;2;75.1852;71.6667
8;125;3;78.5185;73.3333
8;125;4;78.1481;75.6667
8;125;5;76.2963;72.6667
8;125;6;75.9259;74
8;125;7;77.4074;75
8;125;8;77.4074;75
8;125;9;77.7778;75.3333
8;130;2;77.037;74
8;130;3;77.7778;75.6667
8;130;4;78.1481;75
8;130;5;77.4074;76.6667
8;130;6;78.1481;77.6667
8;130;7;78.5185;75.6667
8;130;8;77.4074;75.3333
8;130;9;78.5185;74.3333
8;135;2;77.037;72.3333
8;135;3;75.9259;73.6667
8;135;4;76.6667;74
8;135;5;80.7407;77.3333
8;135;6;77.7778;73
8;135;7;79.2593;77.6667
8;135;8;78.8889;75
8;135;9;77.037;76
8;140;2;77.4074;75.3333
8;140;3;76.2963;75.3333
8;140;4;78.5185;77
8;140;5;78.1481;76.6667
8;140;6;79.2593;76.6667
8;140;7;77.7778;76.3333
8;140;8;77.7778;73.3333
8;140;9;77.037;71.3333
8;145;2;76.6667;72
8;145;3;79.6296;76.3333
8;145;4;77.7778;75.6667
8;145;5;77.037;72
8;145;6;77.7778;75.3333
8;145;7;75.5556;74
8;145;8;77.4074;76
8;145;9;78.5185;72.3333
8;150;2;77.4074;74.3333
8;150;3;77.4074;75.3333
8;150;4;78.5185;76.3333
8;150;5;76.2963;72.6667
8;150;6;78.1481;74.6667
8;150;7;77.7778;76.3333
8;150;8;78.5185;75
8;150;9;79.2593;77
8;155;2;78.5185;75.3333
8;155;3;77.037;72.6667
8;155;4;76.6667;75.3333
8;155;5;74.4444;70
8;155;6;78.5185;76.3333
8;155;7;75.1852;71.3333
8;155;8;77.7778;77
8;155;9;75.9259;74.6667
8;160;2;76.6667;73.6667
8;160;3;78.8889;76
8;160;4;79.2593;75.6667
8;160;5;77.7778;76.3333
8;160;6;74.4444;72.6667
8;160;7;76.6667;74.6667
8;160;8;78.1481;75.6667
8;160;9;77.4074;73.6667
8;165;2;78.8889;77
8;165;3;77.4074;76
8;165;4;77.4074;75.3333
8;165;5;77.7778;75.3333
8;165;6;77.7778;74
8;165;7;78.5185;76.6667
8;165;8;78.1481;72.3333
8;165;9;75.9259;74.6667
8;170;2;77.037;71
8;170;3;77.4074;73.3333
8;170;4;77.4074;74
8;170;5;76.6667;74.6667
8;170;6;76.6667;76
8;170;7;76.6667;74.6667
8;170;8;77.7778;76.3333
8;170;9;77.037;76
8;175;2;77.037;75.6667
8;175;3;78.1481;75.6667
8;175;4;80;78
8;175;5;75.5556;71.6667
8;175;6;77.7778;76
8;175;7;78.5185;74.3333
8;175;8;78.5185;76.6667
8;175;9;76.6667;74.6667
8;180;2;78.1481;76.6667
8;180;3;76.2963;73.3333
8;180;4;77.4074;76.3333
8;180;5;75.9259;74.6667
8;180;6;78.1481;76.6667
8;180;7;77.037;75.6667
8;180;8;78.8889;77.3333
8;180;9;77.7778;76.6667
8;185;2;77.4074;72.3333
8;185;3;76.2963;74.6667
8;185;4;77.4074;71.3333
8;185;5;77.4074;74.6667
8;185;6;78.8889;74
8;185;7;77.4074;76.6667
8;185;8;76.2963;75.6667
8;185;9;77.037;76
8;190;2;78.5185;74
8;190;3;77.4074;71.3333
8;190;4;77.7778;73.6667
8;190;5;78.5185;75
8;190;6;77.037;75.3333
8;190;7;78.1481;74.6667
8;190;8;77.4074;74
8;190;9;77.4074;76.3333
8;195;2;80.7407;76
8;195;3;75.9259;74.3333
8;195;4;77.4074;77
8;195;5;79.2593;76.3333
8;195;6;77.4074;73.6667
8;195;7;78.5185;76.6667
8;195;8;74.4444;72
8;195;9;76.2963;73
8;200;2;77.7778;72.6667
8;200;3;76.2963;74.3333
8;200;4;75.1852;71.3333
8;200;5;76.6667;75.6667
8;200;6;77.4074;73.3333
8;200;7;77.7778;76.6667
8;200;8;77.7778;74
8;200;9;77.7778;76
8;205;2;79.2593;76
8;205;3;76.6667;73.6667
8;205;4;77.037;76.3333
8;205;5;77.4074;73.6667
8;205;6;74.4444;72.3333
8;205;7;78.1481;74.6667
8;205;8;73.7037;72.3333
8;205;9;79.2593;75.6667
8;210;2;78.5185;75.3333
8;210;3;78.5185;74.6667
8;210;4;77.7778;77
8;210;5;77.037;75
8;210;6;77.7778;75.3333
8;210;7;76.6667;74.3333
8;210;8;76.6667;75.3333
8;210;9;77.4074;76.3333
8;215;2;77.7778;74.6667
8;215;3;78.1481;76.3333
8;215;4;77.7778;75.6667
8;215;5;77.037;74.3333
8;215;6;78.1481;76.3333
8;215;7;77.7778;76
8;215;8;77.7778;76
8;215;9;77.037;76.3333
8;220;2;77.037;74.6667
8;220;3;75.1852;74.3333
8;220;4;74.4444;71.6667
8;220;5;76.6667;75.3333
8;220;6;77.7778;75.3333
8;220;7;77.7778;76.6667
8;220;8;77.7778;76.3333
8;220;9;77.037;74.3333
8;225;2;76.6667;75.6667
8;225;3;77.4074;74.6667
8;225;4;78.8889;76.3333
8;225;5;77.7778;75.6667
8;225;6;78.8889;77
8;225;7;77.4074;74.6667
8;225;8;77.7778;76.3333
8;225;9;77.7778;74.3333
8;230;2;78.1481;76.3333
8;230;3;76.6667;74.6667
8;230;4;78.1481;74.6667
8;230;5;76.6667;74.6667
8;230;6;77.037;75
8;230;7;79.6296;78
8;230;8;77.7778;76.6667
8;230;9;76.6667;72
8;235;2;77.7778;76.6667
8;235;3;77.4074;75.3333
8;235;4;77.4074;74.3333
8;235;5;77.4074;73.6667
8;235;6;80.3704;76
8;235;7;78.1481;76.6667
8;235;8;78.5185;76.6667
8;235;9;78.8889;76.6667
8;240;2;77.037;74
8;240;3;77.037;76
8;240;4;78.5185;75.3333
8;240;5;77.037;76
8;240;6;78.8889;73.3333
8;240;7;76.6667;73.6667
8;240;8;77.4074;76.6667
8;240;9;77.4074;74.6667
8;245;2;78.1481;76.3333
8;245;3;78.8889;75.6667
8;245;4;76.2963;74.6667
8;245;5;75.9259;72.3333
8;245;6;78.5185;77
8;245;7;77.7778;74
8;245;8;77.037;76.3333
8;245;9;80;77.3333
8;250;2;76.2963;75.3333
8;250;3;79.2593;76
8;250;4;78.1481;75
8;250;5;78.8889;75.3333
8;250;6;77.4074;76.3333
8;250;7;78.8889;76
8;250;8;78.8889;76.3333
8;250;9;77.7778;76.3333
8;255;2;77.4074;74.3333
8;255;3;77.7778;76.3333
8;255;4;78.1481;77
8;255;5;77.037;73.3333
8;255;6;78.5185;74.6667
8;255;7;76.6667;74.6667
8;255;8;75.9259;74
8;255;9;77.4074;74.3333
8;260;2;79.6296;76.6667
8;260;3;78.5185;74
8;260;4;76.2963;71.3333
8;260;5;78.1481;76
8;260;6;77.4074;76
8;260;7;76.6667;71.6667
8;260;8;76.6667;74
8;260;9;76.6667;73.3333
8;265;2;79.6296;77.3333
8;265;3;75.9259;75
8;265;4;76.2963;76
8;265;5;75.9259;71.6667
8;265;6;77.4074;76.3333
8;265;7;75.9259;73
8;265;8;78.1481;74.6667
8;265;9;78.1481;77
8;270;2;79.2593;77
8;270;3;78.5185;76
8;270;4;79.2593;72.6667
8;270;5;77.4074;75
8;270;6;78.5185;76.6667
8;270;7;77.7778;74.6667
8;270;8;78.5185;76.6667
8;270;9;74.0741;70.6667
8;275;2;78.5185;76.3333
8;275;3;78.8889;77
8;275;4;77.7778;76
8;275;5;75.9259;73
8;275;6;76.2963;75.3333
8;275;7;78.5185;77.6667
8;275;8;75.9259;73
8;275;9;76.2963;75.3333
8;280;2;78.1481;71.6667
8;280;3;75.5556;74
8;280;4;77.4074;74.6667
8;280;5;77.7778;75
8;280;6;77.7778;75
8;280;7;76.2963;75.3333
8;280;8;78.5185;73
8;280;9;77.037;74.6667
8;285;2;75.5556;73
8;285;3;77.037;74.3333
8;285;4;77.7778;72.6667
8;285;5;77.037;74.6667
8;285;6;78.5185;74
8;285;7;77.4074;76
8;285;8;77.037;76
8;285;9;75.9259;74.3333
9;5;2;71.8519;69
9;5;3;78.8889;76
9;5;4;76.6667;72.3333
9;5;5;75.9259;75
9;5;6;77.4074;76
9;5;7;74.0741;72
9;5;8;77.037;72.3333
9;5;9;74.8148;73
9;10;2;75.9259;72.6667
9;10;3;73.3333;70.6667
9;10;4;75.5556;70.6667
9;10;5;74.8148;72
9;10;6;75.1852;73
9;10;7;71.8519;69
9;10;8;73.3333;71.3333
9;10;9;70.7407;68
9;15;2;78.1481;74
9;15;3;74.4444;72.3333
9;15;4;73.7037;72.6667
9;15;5;74.4444;73
9;15;6;74.4444;72.3333
9;15;7;74.8148;72.3333
9;15;8;71.4815;70.3333
9;15;9;71.8519;66.3333
9;20;2;78.5185;76.6667
9;20;3;77.4074;76.3333
9;20;4;76.2963;74.6667
9;20;5;73.7037;71
9;20;6;74.8148;73
9;20;7;74.4444;72.3333
9;20;8;74.4444;72.3333
9;20;9;72.2222;70.6667
9;25;2;78.1481;77.3333
9;25;3;74.8148;74
9;25;4;75.5556;72
9;25;5;75.9259;74.3333
9;25;6;76.6667;72.3333
9;25;7;72.963;71.3333
9;25;8;72.5926;71
9;25;9;74.4444;71.6667
9;30;2;77.7778;75.6667
9;30;3;77.037;74.3333
9;30;4;76.6667;73.6667
9;30;5;75.9259;74
9;30;6;74.8148;72
9;30;7;74.4444;71.6667
9;30;8;74.0741;72.6667
9;30;9;73.7037;72
9;35;2;75.5556;71.3333
9;35;3;75.1852;74
9;35;4;75.9259;73
9;35;5;80;74.3333
9;35;6;74.8148;72.3333
9;35;7;76.6667;72.3333
9;35;8;74.0741;71.6667
9;35;9;76.2963;73.3333
9;40;2;78.8889;76.6667
9;40;3;77.037;74
9;40;4;77.4074;74.6667
9;40;5;77.037;71
9;40;6;76.6667;75
9;40;7;78.1481;76.3333
9;40;8;77.037;75
9;40;9;72.5926;70
9;45;2;78.8889;77.3333
9;45;3;75.1852;73
9;45;4;77.7778;76.3333
9;45;5;75.9259;72.6667
9;45;6;75.5556;73.6667
9;45;7;77.7778;75.3333
9;45;8;75.5556;74.3333
9;45;9;77.037;75.6667
9;50;2;78.5185;75.6667
9;50;3;75.9259;74.3333
9;50;4;77.7778;76.3333
9;50;5;77.037;76.3333
9;50;6;77.037;74
9;50;7;76.2963;74.3333
9;50;8;75.9259;75
9;50;9;76.2963;74
9;55;2;77.4074;75.3333
9;55;3;78.5185;74.3333
9;55;4;75.9259;71.6667
9;55;5;77.4074;74.3333
9;55;6;76.2963;75.3333
9;55;7;77.7778;75
9;55;8;78.1481;74
9;55;9;77.4074;75
9;60;2;75.9259;73.6667
9;60;3;78.8889;76
9;60;4;76.6667;74
9;60;5;77.7778;75.3333
9;60;6;75.5556;74.3333
9;60;7;76.2963;72.6667
9;60;8;76.2963;75.3333
9;60;9;76.2963;75
9;65;2;77.7778;74.6667
9;65;3;76.2963;73
9;65;4;76.2963;68.6667
9;65;5;77.4074;76
9;65;6;75.5556;74
9;65;7;78.1481;77
9;65;8;76.2963;74.3333
9;65;9;74.8148;74
9;70;2;75.9259;74
9;70;3;77.037;75.3333
9;70;4;79.6296;77.3333
9;70;5;78.1481;74.6667
9;70;6;78.1481;76.6667
9;70;7;79.6296;76
9;70;8;76.6667;75
9;70;9;76.2963;73.3333
9;75;2;77.4074;75.3333
9;75;3;76.6667;75.3333
9;75;4;78.1481;75.6667
9;75;5;75.9259;73.3333
9;75;6;76.6667;74.3333
9;75;7;78.1481;77
9;75;8;79.2593;75.3333
9;75;9;77.4074;76.3333
9;80;2;76.6667;75
9;80;3;77.7778;76.3333
9;80;4;79.2593;77
9;80;5;79.6296;77
9;80;6;78.8889;76.3333
9;80;7;78.8889;76
9;80;8;77.4074;74
9;80;9;77.037;74.6667
9;85;2;77.4074;74.3333
9;85;3;75.5556;75
9;85;4;78.5185;76
9;85;5;78.1481;74
9;85;6;78.5185;75
9;85;7;77.7778;75
9;85;8;76.6667;75.6667
9;85;9;77.7778;76.3333
9;90;2;78.1481;77
9;90;3;78.8889;75.3333
9;90;4;79.6296;77
9;90;5;78.5185;74
9;90;6;77.4074;75.6667
9;90;7;77.037;74
9;90;8;78.1481;76
9;90;9;77.7778;74
9;95;2;78.8889;76
9;95;3;77.037;75.6667
9;95;4;77.7778;75.6667
9;95;5;79.2593;74.6667
9;95;6;77.4074;76
9;95;7;77.4074;76.3333
9;95;8;77.7778;75.6667
9;95;9;79.2593;76
9;100;2;79.2593;78.3333
9;100;3;77.7778;74.6667
9;100;4;78.5185;77.3333
9;100;5;78.1481;77.3333
9;100;6;78.1481;77
9;100;7;78.8889;74.6667
9;100;8;77.7778;77
9;100;9;77.7778;75.6667
9;105;2;77.037;75.3333
9;105;3;76.2963;74
9;105;4;78.5185;75
9;105;5;75.5556;72.3333
9;105;6;77.4074;75.6667
9;105;7;78.1481;77
9;105;8;75.9259;75
9;105;9;77.4074;75.6667
9;110;2;78.1481;76
9;110;3;77.7778;76.3333
9;110;4;78.1481;77
9;110;5;77.4074;75.3333
9;110;6;77.037;74.6667
9;110;7;76.6667;75.3333
9;110;8;79.6296;74
9;110;9;77.037;76
9;115;2;77.4074;76
9;115;3;77.037;76.6667
9;115;4;77.4074;75
9;115;5;77.037;76.3333
9;115;6;78.1481;74.6667
9;115;7;75.5556;74
9;115;8;77.7778;75.6667
9;115;9;78.1481;74.3333
9;120;2;78.1481;77.3333
9;120;3;78.1481;77.3333
9;120;4;77.037;75.3333
9;120;5;77.4074;71.6667
9;120;6;78.1481;75.3333
9;120;7;76.6667;73.6667
9;120;8;76.6667;75.3333
9;120;9;70;69
9;125;2;76.2963;73.3333
9;125;3;77.7778;75.3333
9;125;4;76.6667;72.6667
9;125;5;78.5185;76
9;125;6;78.1481;76
9;125;7;77.7778;73.6667
9;125;8;78.1481;76.6667
9;125;9;79.2593;76.6667
9;130;2;77.7778;75.6667
9;130;3;78.5185;77.6667
9;130;4;76.6667;75.6667
9;130;5;78.1481;76
9;130;6;75.9259;71.3333
9;130;7;77.4074;75.3333
9;130;8;77.4074;76
9;130;9;78.8889;74
9;135;2;80;78
9;135;3;73.3333;70.6667
9;135;4;76.6667;74.3333
9;135;5;75.9259;74
9;135;6;78.1481;77
9;135;7;75.5556;73.3333
9;135;8;77.7778;76.3333
9;135;9;78.5185;74
9;140;2;75.1852;71.3333
9;140;3;78.1481;74.6667
9;140;4;75.5556;74.6667
9;140;5;77.037;76.3333
9;140;6;77.7778;75.6667
9;140;7;80;76.6667
9;140;8;77.7778;75
9;140;9;76.2963;74.3333
9;145;2;79.6296;75.6667
9;145;3;76.6667;74
9;145;4;79.2593;74.6667
9;145;5;76.6667;75.3333
9;145;6;78.1481;74.3333
9;145;7;76.6667;75.6667
9;145;8;78.5185;75.6667
9;145;9;77.037;75
9;150;2;79.2593;77
9;150;3;77.037;73.6667
9;150;4;78.5185;76.3333
9;150;5;77.037;76.6667
9;150;6;77.4074;76.3333
9;150;7;77.7778;75.6667
9;150;8;78.5185;73.6667
9;150;9;77.037;73.3333
9;155;2;79.2593;77
9;155;3;79.2593;76.6667
9;155;4;76.6667;74.3333
9;155;5;77.037;74.3333
9;155;6;77.7778;76.3333
9;155;7;76.2963;75.3333
9;155;8;77.4074;76
9;155;9;78.5185;76.6667
9;160;2;78.1481;76
9;160;3;77.4074;76
9;160;4;78.5185;76.3333
9;160;5;78.8889;76
9;160;6;78.8889;77.3333
9;160;7;77.037;75.6667
9;160;8;74.4444;73.3333
9;160;9;77.4074;75.6667
9;165;2;77.4074;76.3333
9;165;3;75.1852;74
9;165;4;76.2963;75
9;165;5;78.1481;74.6667
9;165;6;78.8889;77.6667
9;165;7;77.7778;73.6667
9;165;8;78.8889;77.3333
9;165;9;76.2963;75.3333
9;170;2;78.1481;74
9;170;3;76.6667;75
9;170;4;75.9259;75
9;170;5;76.6667;74.3333
9;170;6;72.5926;71.6667
9;170;7;78.1481;75.3333
9;170;8;77.7778;74.3333
9;170;9;78.1481;74.6667
9;175;2;75.5556;73.6667
9;175;3;78.5185;76.6667
9;175;4;78.1481;77
9;175;5;77.7778;73.6667
9;175;6;77.7778;76
9;175;7;76.6667;74.6667
9;175;8;78.1481;76.6667
9;175;9;76.2963;73.6667
9;180;2;76.6667;76
9;180;3;79.2593;76
9;180;4;77.037;74
9;180;5;80;78
9;180;6;77.037;74.6667
9;180;7;77.7778;76.3333
9;180;8;76.6667;74.6667
9;180;9;77.4074;74.6667
9;185;2;75.9259;73.6667
9;185;3;76.6667;75
9;185;4;77.7778;74.3333
9;185;5;77.7778;76.3333
9;185;6;75.1852;74
9;185;7;77.037;76.6667
9;185;8;79.6296;78.3333
9;185;9;77.7778;75.3333
9;190;2;77.037;73.3333
9;190;3;75.5556;73.6667
9;190;4;77.7778;76.3333
9;190;5;77.4074;76.6667
9;190;6;77.037;75.6667
9;190;7;78.5185;76.6667
9;190;8;78.1481;74.6667
9;190;9;79.6296;77
9;195;2;77.037;76
9;195;3;78.1481;73.3333
9;195;4;78.1481;76
9;195;5;77.4074;74.6667
9;195;6;78.5185;76.6667
9;195;7;78.5185;77.6667
9;195;8;75.5556;73.3333
9;195;9;76.6667;75.3333
9;200;2;77.4074;75
9;200;3;76.6667;75.6667
9;200;4;76.2963;74.3333
9;200;5;77.037;74.6667
9;200;6;75.5556;72
9;200;7;78.5185;75.3333
9;200;8;76.6667;73.6667
9;200;9;78.5185;76
9;205;2;77.037;72.3333
9;205;3;80;74
9;205;4;76.6667;75.3333
9;205;5;77.7778;76.3333
9;205;6;78.1481;76.3333
9;205;7;80;77
9;205;8;77.4074;75.3333
9;205;9;75.5556;71
9;210;2;77.4074;75.6667
9;210;3;78.5185;75.6667
9;210;4;76.6667;74.3333
9;210;5;79.2593;78
9;210;6;76.6667;74.3333
9;210;7;78.5185;77
9;210;8;77.4074;76.6667
9;210;9;76.6667;73.6667
9;215;2;78.8889;76.6667
9;215;3;77.7778;74.3333
9;215;4;79.2593;77
9;215;5;78.1481;77.3333
9;215;6;78.8889;77.3333
9;215;7;75.5556;73
9;215;8;78.8889;77
9;215;9;77.7778;76
9;220;2;77.037;74.6667
9;220;3;76.6667;74.6667
9;220;4;78.5185;75.6667
9;220;5;77.037;76
9;220;6;77.7778;76.3333
9;220;7;78.1481;77.3333
9;220;8;79.6296;76.6667
9;220;9;77.037;73
9;225;2;77.7778;76
9;225;3;78.8889;73.6667
9;225;4;79.6296;75.3333
9;225;5;77.4074;75.6667
9;225;6;76.2963;73.3333
9;225;7;79.2593;75.6667
9;225;8;78.1481;76.3333
9;225;9;76.6667;74.3333
9;230;2;76.6667;74
9;230;3;78.8889;77.6667
9;230;4;76.6667;73.3333
9;230;5;79.6296;76
9;230;6;77.4074;72.3333
9;230;7;77.7778;74.3333
9;230;8;76.2963;73.6667
9;230;9;76.6667;74.3333
9;235;2;74.8148;70.6667
9;235;3;77.037;75.3333
9;235;4;80;77.3333
9;235;5;81.4815;76.3333
9;235;6;78.1481;76.3333
9;235;7;78.1481;74.6667
9;235;8;79.2593;77
9;235;9;78.8889;77
9;240;2;77.037;75.3333
9;240;3;79.2593;77.3333
9;240;4;77.037;75.6667
9;240;5;77.7778;76
9;240;6;77.4074;74.6667
9;240;7;76.6667;75.3333
9;240;8;78.5185;77.3333
9;240;9;77.7778;75.3333
9;245;2;77.7778;75
9;245;3;78.5185;76
9;245;4;79.6296;76.3333
9;245;5;76.2963;74.3333
9;245;6;77.7778;75.3333
9;245;7;76.6667;73.6667
9;245;8;77.4074;76.3333
9;245;9;77.4074;73.6667
9;250;2;78.1481;76.6667
9;250;3;77.7778;77
9;250;4;78.1481;76
9;250;5;78.1481;76.6667
9;250;6;78.1481;76.6667
9;250;7;80;78
9;250;8;76.2963;73.6667
9;250;9;77.4074;75
9;255;2;77.7778;76
9;255;3;78.5185;75
9;255;4;78.5185;76.6667
9;255;5;77.037;75
9;255;6;78.5185;77.3333
9;255;7;76.6667;75
9;255;8;79.2593;74.6667
9;255;9;76.2963;74.3333
9;260;2;77.037;75
9;260;3;74.4444;71.3333
9;260;4;77.037;76.3333
9;260;5;77.037;75
9;260;6;77.7778;76.6667
9;260;7;77.7778;76
9;260;8;78.1481;76.6667
9;260;9;75.9259;72.6667
9;265;2;78.5185;77.3333
9;265;3;77.4074;77
9;265;4;76.6667;75
9;265;5;77.4074;75
9;265;6;77.7778;75
9;265;7;77.7778;75.6667
9;265;8;77.037;76.6667
9;265;9;77.7778;76.3333
9;270;2;76.6667;74.6667
9;270;3;78.1481;76
9;270;4;76.2963;75.3333
9;270;5;77.4074;74
9;270;6;77.4074;75
9;270;7;77.7778;75.3333
9;270;8;78.1481;75.3333
9;270;9;76.6667;75.3333
9;275;2;78.5185;77
9;275;3;77.7778;74.3333
9;275;4;76.2963;73.6667
9;275;5;78.8889;75
9;275;6;77.7778;75.6667
9;275;7;77.037;72
9;275;8;77.7778;75.6667
9;275;9;79.2593;77
9;280;2;78.1481;74
9;280;3;78.5185;77.3333
9;280;4;79.6296;75.3333
9;280;5;77.7778;74.6667
9;280;6;78.5185;74.6667
9;280;7;78.8889;76.6667
9;280;8;78.1481;77
9;280;9;77.037;75.3333
9;285;2;75.1852;72.3333
9;285;3;78.8889;77.6667
9;285;4;78.8889;76.6667
9;285;5;76.6667;75.6667
9;285;6;78.5185;76.3333
9;285;7;78.1481;76.6667
9;285;8;76.6667;75.6667
